Date,Home Team,Home Score,Away Team,Away Score
2016-08-16,Bismarck,1,Poplar Bluff,1
2016-08-19,Belle,3,Chamois,0
2016-08-19,Hancock,2,Cleveland NJROTC,0
2016-08-19,Parkway West,0,Cor Jesu Academy,2
2016-08-19,Hazelwood West,0,Ft. Zumwalt South,2
2016-08-19,Waynesville,0,Glendale,2
2016-08-19,Westminster Christian Academy,1,Incarnate Word Academy,2
2016-08-19,St. Joseph's Academy,2,Jefferson City,0
2016-08-19,Pattonville,0,Ladue Horton Watkins,2
2016-08-19,South Iron,0,Lesterville,2
2016-08-19,Father Tolton,0,Lutheran St. Charles,2
2016-08-19,Washington,0,Marquette,2
2016-08-19,Holcomb,0,Portageville,2
2016-08-19,Bunceton,0,Sarcoxie,2
2016-08-19,Bunker,0,Valley,2
2016-08-20,St. Pius X (Festus),2,Affton,0
2016-08-20,Pacific,2,Affton,0
2016-08-20,Hazelwood Central,2,Affton,0
2016-08-20,DeSoto,2,Affton,0
2016-08-20,Clayton,0,Affton,2
2016-08-20,Hazelwood Central,2,Clayton,0
2016-08-20,Windsor (Imperial),2,Clayton,0
2016-08-20,Mehlville,2,Clayton,0
2016-08-20,St. Pius X (Festus),2,DeSoto,0
2016-08-20,Pacific,2,DeSoto,0
2016-08-20,Hazelwood Central,1,DeSoto,2
2016-08-20,Clayton,0,DeSoto,2
2016-08-20,Windsor (Imperial),2,Hazelwood Central,0
2016-08-20,Mehlville,1,Hazelwood Central,1
2016-08-20,St. Joseph's Academy,2,Jefferson City,0
2016-08-20,Washington,0,Marquette,2
2016-08-20,St. Pius X (Festus),2,Mehlville,0
2016-08-20,Pacific,2,Mehlville,0
2016-08-20,Windsor (Imperial),1,Mehlville,1
2016-08-20,St. Pius X (Festus),2,Pacific,0
2016-08-20,Windsor (Imperial),2,Pacific,0
2016-08-20,St. Pius X (Festus),2,Windsor (Imperial),0
2016-08-22,Carl Junction,2,Aurora,0
2016-08-22,Union,0,Ava,2
2016-08-22,Zalma,1,Bell City,1
2016-08-22,Oak Ridge,1,Bell City,1
2016-08-22,Meadow Heights,0,Bell City,2
2016-08-22,Richland (Essex),0,Bernie,2
2016-08-22,Lebanon,2,Branson,1
2016-08-22,Hallsville,2,Brookfield,0
2016-08-22,Winona,2,Cabool,0
2016-08-22,Bolivar,0,Camdenton,2
2016-08-22,Portageville,2,Campbell,0
2016-08-22,Odessa,2,Center,0
2016-08-22,Sikeston,2,Central (Cape Girardeau),0
2016-08-22,Warsaw,2,Clinton,0
2016-08-22,Charleston,0,Cooter,2
2016-08-22,Southeast,0,Cristo Rey,2
2016-08-22,Bishop DuBourg,2,Crossroads College Preparatory,0
2016-08-22,Arcadia Valley,0,Dexter,2
2016-08-22,Osage,2,Dixon,0
2016-08-22,Affton,2,Fox,0
2016-08-22,Holt,2,Francis Howell Central,1
2016-08-22,Summersville,0,Gideon,2
2016-08-22,Exeter,0,Golden City,2
2016-08-22,Fatima,2,Hickman,0
2016-08-22,Potosi,1,Hillsboro,2
2016-08-22,Valley,0,Lesterville,2
2016-08-22,Metro,2,Lutheran North,0
2016-08-22,Cardinal Ritter,0,Lutheran St. Charles,2
2016-08-22,Francis Howell,2,Marquette,0
2016-08-22,Benton,0,Maryville,2
2016-08-22,Zalma,0,Meadow Heights,2
2016-08-22,Oak Ridge,1,Meadow Heights,1
2016-08-22,John F. Kennedy,0,MICDS,2
2016-08-22,Hermann,2,Montgomery County,0
2016-08-22,Conway,0,Mountain Grove,2
2016-08-22,Herculaneum,2,North County,1
2016-08-22,St. James,2,North Platte,1
2016-08-22,Zalma,1,Oak Ridge,1
2016-08-22,Oak Grove,1,O'Hara,2
2016-08-22,Kennett,1,Oran,2
2016-08-22,Staley,1,Park Hill South,2
2016-08-22,Kirkwood,2,Parkway South,0
2016-08-22,Billings,0,Pierce City,2
2016-08-22,Liberty,0,Pleasant Hill,2
2016-08-22,St. Clair,1,Risco,2
2016-08-22,Salem,0,Rolla,2
2016-08-22,North Callaway,2,Sarcoxie,1
2016-08-22,Niangua,0,School of the Ozarks,2
2016-08-22,Clarkton,1,Senath-Hornersville,2
2016-08-22,Windsor,2,Skyline,0
2016-08-22,Mexico,0,Southern Boone,2
2016-08-22,Caruthersville,2,Southland,1
2016-08-22,Bourbon,0,St. Clair,2
2016-08-22,New Haven,2,St. Joseph's Academy,0
2016-08-22,Warsaw,2,St. James,0
2016-08-22,Lee's Summit North,0,St. Teresa's Academy,2
2016-08-22,Festus,0,Ste. Genevieve,2
2016-08-22,Licking,0,Webb City,2
2016-08-22,Eldon,2,Tipton,0
2016-08-22,Cameron,2,Trenton,0
2016-08-22,Brentwood,0,Visitation Academy,2
2016-08-22,Lexington,2,Wellington-Napoleon,1
2016-08-22,Central (Park Hills),0,Windsor (Imperial),2
2016-08-22,Bowling Green,0,Winfield,2
2016-08-23,Saxony Lutheran,0,Advance,2
2016-08-23,Leopold,0,Advance,2
2016-08-23,Woodland,1,Advance,1
2016-08-23,Central (Park Hills),0,Arcadia Valley,2
2016-08-23,Springfield Catholic,2,Ava,0
2016-08-23,Archie,2,Ballard,0
2016-08-23,Midway,2,Barstow,1
2016-08-23,Principia,1,Bayless,1
2016-08-23,Valley Park,0,Bayless,2
2016-08-23,Maplewood-Richmond Hts.,1,Bayless,1
2016-08-23,Calvary Lutheran,2,Belle,0
2016-08-23,Sikeston,0,Bernie,2
2016-08-23,DeSoto,0,Bismarck,2
2016-08-23,Greenville,0,Bloomfield,2
2016-08-23,Grain Valley,0,Blue Springs South,3
2016-08-23,Osceola,1,Bolivar,2
2016-08-23,Owensville,2,Bourbon,0
2016-08-23,Galena,2,Bradleyville,0
2016-08-23,Liberal,2,Bronaugh,0
2016-08-23,Willard,2,Buffalo,0
2016-08-23,La Monte,2,Bunceton,0
2016-08-23,El Dorado Springs,2,Butler,1
2016-08-23,Eldon,0,Camdenton,2
2016-08-23,Santa Fe,2,Carrollton,0
2016-08-23,Charleston,0,Caruthersville,2
2016-08-23,Blue Eye,0,Cassville,2
2016-08-23,Pembroke Hill,2,Center,0
2016-08-23,Southeast,0,Central (Kansas City),2
2016-08-23,Parkview,1,Central (Springfield),2
2016-08-23,Wheaton,2,Chadwick,0
2016-08-23,Fatima,3,Chamois,0
2016-08-23,Eminence,2,Clearwater,0
2016-08-23,Marionville,0,Clever,2
2016-08-23,Holden,2,Cole Camp,0
2016-08-23,Clarkton,0,Cooter,2
2016-08-23,Lift for Life Academy Charter,0,Crossroads College Preparatory,2
2016-08-23,New Haven,2,Cuba,0
2016-08-23,Risco,2,Delta (Deering),0
2016-08-23,Versailles,2,East (Kansas City),0
2016-08-23,Maryville,2,East Buchanan,0
2016-08-23,New Heights Christian,2,Exeter,0
2016-08-23,Pacific,2,Farmington,0
2016-08-23,Union,0,Forsyth,2
2016-08-23,Washington,0,Francis Howell Central,2
2016-08-23,Ft. Zumwalt East,2,Francis Howell North,0
2016-08-23,Winfield,0,Ft. Zumwalt South,2
2016-08-23,Holt,0,Ft. Zumwalt West,2
2016-08-23,Centralia,2,Fulton,0
2016-08-23,Central (New Madrid County),2,Gideon,0
2016-08-23,Seneca,1,Grandview (Hillsboro),2
2016-08-23,Thomas Jefferson Independent Day,0,Greenfield,2
2016-08-23,Lift for Life Academy Charter,0,Hancock,2
2016-08-23,Crossroads College Preparatory,0,Hancock,2
2016-08-23,Malden,2,Hayti,0
2016-08-23,John Burroughs,2,Hazelwood Central,0
2016-08-23,Waynesville,0,Helias Catholic,2
2016-08-23,Fredericktown,0,Herculaneum,2
2016-08-23,Willow Springs,0,Hillcrest,2
2016-08-23,Southland,2,Holcomb,1
2016-08-23,Seckman,2,Jefferson (Festus),1
2016-08-23,Carl Junction,2,Joplin,0
2016-08-23,Logan-Rogersville,1,Kickapoo,2
2016-08-23,Marshall,2,Kirksville,0
2016-08-23,St. Paul Lutheran (Concordia),2,Knob Noster,0
2016-08-23,Thayer,2,Koshkonong,0
2016-08-23,Summit Christian Academy,2,Lathrop,0
2016-08-23,Marshfield,0,Lebanon,2
2016-08-23,Lee's Summit West,2,Lee's Summit,0
2016-08-23,Saxony Lutheran,2,Leopold,0
2016-08-23,Woodland,1,Leopold,1
2016-08-23,Troy Buchanan,2,Liberty (Wentzville),1
2016-08-23,Houston,0,Licking,2
2016-08-23,Cor Jesu Academy,2,Lindbergh,0
2016-08-23,Blair Oaks,2,Linn,0
2016-08-23,Everton,0,Lockwood,2
2016-08-23,Lafayette County,0,Lone Jack,2
2016-08-23,Drexel,0,Lutheran (Kansas City),2
2016-08-23,Principia,0,Maplewood-Richmond Hts.,2
2016-08-23,Valley Park,0,Maplewood-Richmond Hts.,2
2016-08-23,Ritenour,2,McCluer North,0
2016-08-23,Jasper,0,McDonald County,2
2016-08-23,Hancock,0,Metro,2
2016-08-23,Lift for Life Academy Charter,0,Metro,2
2016-08-23,Crossroads College Preparatory,0,Metro,2
2016-08-23,Rich Hill,2,Miami (Amoret),0
2016-08-23,Bishop LeBlond,0,Mid-Buchanan,2
2016-08-23,Ash Grove,0,Miller,2
2016-08-23,Diamond,2,Monett,0
2016-08-23,Aurora,2,Neosho,0
2016-08-23,St. James,0,Nodaway-Holt,2
2016-08-23,St. Joseph Christian,0,Nodaway-Holt,2
2016-08-23,Southern Boone,2,North Callaway,0
2016-08-23,Lincoln College Prep,2,Northeast (Kansas City),0
2016-08-23,Lakeland,1,Northeast Vernon County,2
2016-08-23,Webster Groves,2,Northwest (Cedar Hill),0
2016-08-23,Blue Springs,2,Oak Park,0
2016-08-23,Willard,1,Osage,2
2016-08-23,Glendale,0,Ozark,2
2016-08-23,North Kansas City,0,Park Hill South,2
2016-08-23,Crane,1,Pierce City,2
2016-08-23,Liberty,2,Platte County,1
2016-08-23,Raymore-Peculiar,0,Pleasant Hill,2
2016-08-23,Union,2,Potosi,0
2016-08-23,East Newton,2,Purdy,0
2016-08-23,Poplar Bluff,2,Puxico,0
2016-08-23,Fort Osage,1,Raytown,2
2016-08-23,Mt. Vernon,0,Reeds Spring,2
2016-08-23,St. Clair,2,Richland (Essex),0
2016-08-23,Excelsior Springs,2,Richmond,0
2016-08-23,Jefferson City,0,Rock Bridge,2
2016-08-23,St. Joseph Christian,0,Rock Port,2
2016-08-23,Parkway North,0,Rockwood Summit,2
2016-08-23,Lutheran South,2,Springfield Catholic,0
2016-08-23,Belton,2,Ruskin,0
2016-08-23,Father Tolton,1,Sacred Heart,2
2016-08-23,St. James,2,Salem,0
2016-08-23,Portageville,1,Senath-Hornersville,2
2016-08-23,Carthage,2,Seneca,0
2016-08-23,Crest Ridge,2,Smithton,0
2016-08-23,St. Joseph Christian,1,St. James,1
2016-08-23,St. Paul Lutheran (Farmington),0,South Iron,2
2016-08-23,North Pemiscot,2,Summersville,1
2016-08-23,Winona,2,Spokane,0
2016-08-23,Ft. Zumwalt North,2,St. Charles,0
2016-08-23,Lafayette (Wildwood),0,St. Joseph's Academy,2
2016-08-23,North County,0,St. Pius X (Festus),2
2016-08-23,Sparta,0,St. Pius X (Kansas City),2
2016-08-23,Jackson,1,St. Vincent,2
2016-08-23,Bunker,0,Wright City,2
2016-08-23,Lawson,2,Trenton,0
2016-08-23,Perryville,0,Valle Catholic,2
2016-08-23,Principia,2,Valley Park,0
2016-08-23,Wright City,0,Veritas Christian Academy,2
2016-08-23,Hurley,1,Verona,2
2016-08-23,Clinton,0,Versailles,2
2016-08-23,Kingston,0,Viburnum,2
2016-08-23,Odessa,0,Warrensburg,2
2016-08-23,Bowling Green,0,Warrenton,2
2016-08-23,California,2,Warsaw,0
2016-08-23,Ellington,0,West County,2
2016-08-23,Ladue Horton Watkins,1,Westminster Christian Academy,2
2016-08-23,John F. Kennedy,0,Whitfield,2
2016-08-23,Kingsville,1,Windsor,2
2016-08-23,Park Hill,0,Winnetonka,2
2016-08-23,Saxony Lutheran,1,Woodland,1
2016-08-24,Crossroads College Preparatory,1,Bayless,2
2016-08-24,Lutheran St. Charles,2,Duchesne,0
2016-08-24,Rockwood Summit,0,Eureka,2
2016-08-24,Lathrop,0,Excelsior Springs,2
2016-08-24,Raytown South,0,Fort Osage,2
2016-08-24,Principia,2,Hancock,1
2016-08-24,Lift for Life Academy Charter,0,Hancock,2
2016-08-24,Barstow,0,Holden,2
2016-08-24,Ladue Horton Watkins,0,John Burroughs,2
2016-08-24,Blue Springs South,2,Kearney,0
2016-08-24,Marquette,0,Kirkwood,2
2016-08-24,Parkway West,0,Lafayette (Wildwood),2
2016-08-24,Winnetonka,2,Liberty North,1
2016-08-24,Notre Dame (St. Louis),0,Lutheran South,2
2016-08-24,Lift for Life Academy Charter,0,Maplewood-Richmond Hts.,2
2016-08-24,Riverview Gardens,0,McCluer South-Berkeley,2
2016-08-24,Valley Park,0,Metro,2
2016-08-24,Warrenton,2,Montgomery County,0
2016-08-24,Kennett,2,North Pemiscot,0
2016-08-24,Fox,1,Pacific,2
2016-08-24,Hazelwood West,0,Parkway Central,2
2016-08-24,Parkway South,2,Parkway North,0
2016-08-24,Hazelwood Central,2,Pattonville,1
2016-08-24,Ft. Zumwalt North,2,St. Charles West,0
2016-08-24,Lafayette (St. Joseph),0,St. Teresa's Academy,2
2016-08-24,Lindbergh,2,Ursuline Academy,1
2016-08-24,Crossroads College Preparatory,2,Valley Park,0
2016-08-24,Oakville,0,Villa Duchesne,2
2016-08-24,Nerinx Hall,2,Visitation Academy,0
2016-08-24,Incarnate Word Academy,2,Whitfield,0
2016-08-24,Orchard Farm,2,Wright City,1
2016-08-25,Notre Dame de Sion,2,Adrian,1
2016-08-25,Zalma,0,Advance,2
2016-08-25,Lesterville,0,Arcadia Valley,2
2016-08-25,Hume,0,Archie,2
2016-08-25,Springfield Catholic,0,Aurora,2
2016-08-25,Metro,2,Bayless,0
2016-08-25,Principia,0,Bayless,2
2016-08-25,Leopold,0,Bell City,2
2016-08-25,Raymore-Peculiar,2,Belton,0
2016-08-25,Rock Port,1,Benton,1
2016-08-25,Trinity Catholic,2,Bishop DuBourg,0
2016-08-25,St. Charles,0,Blue Springs,2
2016-08-25,Clinton,0,Bolivar,2
2016-08-25,California,2,Boonville,0
2016-08-25,Kingston,2,Bourbon,0
2016-08-25,Buffalo,0,Branson,2
2016-08-25,Salem,2,Bunker,0
2016-08-25,Cooter,2,Campbell,0
2016-08-25,Wellington-Napoleon,2,Carrollton,0
2016-08-25,Sparta,2,Center,0
2016-08-25,Metro,2,Central (Kansas City),0
2016-08-25,Valle Catholic,2,Central (Park Hills),0
2016-08-25,Monett,0,Central (Springfield),2
2016-08-25,Savannah,0,Central (St. Joseph),2
2016-08-25,Brookfield,0,Centralia,2
2016-08-25,Miami (Amoret),2,Chilhowee,0
2016-08-25,Risco,2,Clarkton,1
2016-08-25,Ellington,2,Clearwater,0
2016-08-25,Smithton,1,Concordia,2
2016-08-25,Visitation Academy,0,Cor Jesu Academy,2
2016-08-25,Sacred Heart,2,Crest Ridge,0
2016-08-25,Bismarck,2,Crystal City,0
2016-08-25,Houston,0,Cuba,2
2016-08-25,North County,2,DeSoto,1
2016-08-25,Billings,2,Diamond,0
2016-08-25,Liberty (Mountain View),2,Doniphan,0
2016-08-25,Osceola,2,El Dorado Springs,0
2016-08-25,Viburnum,0,Eminence,2
2016-08-25,Clever,1,Fair Grove,2
2016-08-25,Eugene,0,Father Tolton,2
2016-08-25,Helias Catholic,2,Fatima,0
2016-08-25,Crane,2,Fordland,1
2016-08-25,Winona,2,Forsyth,0
2016-08-25,Raytown South,0,Fort Osage,2
2016-08-25,Timberland,0,Francis Howell Central,2
2016-08-25,Holt,2,Ft. Zumwalt North,1
2016-08-25,Liberty (Wentzville),2,Ft. Zumwalt South,0
2016-08-25,Francis Howell North,0,Ft. Zumwalt West,2
2016-08-25,Niangua,1,Galena,2
2016-08-25,Nixa,2,Glendale,1
2016-08-25,Verona,0,Golden City,2
2016-08-25,Warrensburg,0,Grain Valley,2
2016-08-25,Ash Grove,2,Greenfield,0
2016-08-25,Bunceton,0,Hallsville,2
2016-08-25,Crossroads College Preparatory,2,Hancock,0
2016-08-25,Central (New Madrid County),2,Hayti,0
2016-08-25,West County,0,Herculaneum,2
2016-08-25,Willard,2,Hillcrest,0
2016-08-25,Barstow,0,Holden,2
2016-08-25,Dexter,1,Jackson,2
2016-08-25,McAuley Catholic,0,Jasper,2
2016-08-25,Hermann,1,Jefferson City,2
2016-08-25,Veritas Christian Academy,2,John F. Kennedy,0
2016-08-25,Charleston,0,Kennett,2
2016-08-25,Republic,0,Kickapoo,2
2016-08-25,Sherwood,0,Knob Noster,2
2016-08-25,St. Paul Lutheran (Concordia),2,Lafayette County,0
2016-08-25,Stockton,2,Lamar,0
2016-08-25,Cameron,0,Lawson,2
2016-08-25,Park Hill South,2,Lee's Summit North,1
2016-08-25,Lee's Summit,1,Liberty,2
2016-08-25,Skyline,2,Lincoln,1
2016-08-25,New Heights Christian,2,Lockwood,1
2016-08-25,Mountain Grove,0,Logan-Rogersville,2
2016-08-25,Notre Dame (St. Louis),2,Lutheran North,0
2016-08-25,Principia,0,Maplewood-Richmond Hts.,2
2016-08-25,Metro,2,Maplewood-Richmond Hts.,1
2016-08-25,Southwest (Washburn),0,Marionville,2
2016-08-25,Fulton,2,Marshall,1
2016-08-25,Waynesville,0,Marshfield,2
2016-08-25,Woodland,2,Meadow Heights,0
2016-08-25,Kirksville,0,Mexico,2
2016-08-25,Butler,0,Midway,2
2016-08-25,Thomas Jefferson Independent Day,0,Miller,2
2016-08-25,Hollister,0,Mt. Vernon,2
2016-08-25,Joplin,2,Neosho,0
2016-08-25,Harrisonville,0,Nevada,2
2016-08-25,Belle,0,New Haven,2
2016-08-25,Montgomery County,2,North Callaway,0
2016-08-25,Liberty North,1,North Kansas City,2
2016-08-25,Bishop LeBlond,2,North Platte,0
2016-08-25,Hillsboro,0,Northwest (Cedar Hill),2
2016-08-25,Farmington,2,Notre Dame (Cape Girardeau),1
2016-08-25,Saxony Lutheran,2,Oak Ridge,0
2016-08-25,Savannah,1,Odessa,2
2016-08-25,West Platte,1,Orrick,2
2016-08-25,Blair Oaks,2,Osage,0
2016-08-25,Linn,0,Owensville,2
2016-08-25,Oak Park,0,Park Hill,2
2016-08-25,Webb City,2,Parkview,0
2016-08-25,Central (Cape Girardeau),0,Perryville,2
2016-08-25,Sarcoxie,2,Pierce City,1
2016-08-25,Penney,0,Plattsburg,2
2016-08-25,Everton,0,Pleasant Hope,2
2016-08-25,Lutheran (Kansas City),2,Rich Hill,0
2016-08-25,Gideon,2,Richland (Essex),0
2016-08-25,Clayton,0,Ritenour,2
2016-08-25,Hickman,1,Rolla,2
2016-08-25,Lutheran South,2,Springfield Catholic,0
2016-08-25,Grandview,2,Ruskin,0
2016-08-25,Bradleyville,0,School of the Ozarks,2
2016-08-25,Pacific,1,Seckman,1
2016-08-25,Reeds Spring,0,Seneca,2
2016-08-25,Bronaugh,2,Sheldon,1
2016-08-25,Fredericktown,2,South Iron,0
2016-08-25,Malden,2,Summersville,0
2016-08-25,Ava,2,Spokane,0
2016-08-25,Winfield,2,St. Charles West,0
2016-08-25,Potosi,2,St. Clair,0
2016-08-25,Duchesne,1,St. Joseph's Academy,2
2016-08-25,Valley,3,St. Paul Lutheran (Farmington),0
2016-08-25,Pembroke Hill,0,St. Pius X (Kansas City),2
2016-08-25,Platte County,0,Staley,2
2016-08-25,Fox,0,Ste. Genevieve,2
2016-08-25,University Academy Charter,0,Summit Christian Academy,3
2016-08-25,Wright City,2,Thayer,0
2016-08-25,Versailles,2,Tipton,0
2016-08-25,Chillicothe,2,Trenton,0
2016-08-25,Francis Howell,2,Troy Buchanan,0
2016-08-25,Lone Jack,2,Versailles,0
2016-08-25,Eldon,2,Warsaw,0
2016-08-25,Ft. Zumwalt East,1,Washington,2
2016-08-25,Oak Grove,2,William Chrisman,1
2016-08-25,North County,0,Windsor (Imperial),2
2016-08-25,St. Vincent,0,Windsor (Imperial),2
2016-08-25,Licking,0,Winona,2
2016-08-25,Bowling Green,0,Wright City,2
2016-08-26,Saxony Lutheran,1,Advance,2
2016-08-26,Bell City,0,Advance,2
2016-08-26,Woodland,2,Bell City,0
2016-08-26,School of the Ozarks,0,Billings,2
2016-08-26,Linn,0,Calvary Lutheran,2
2016-08-26,Fordland,2,Chadwick,1
2016-08-26,Holcomb,2,Delta (Deering),0
2016-08-26,Warsaw,2,Dixon,0
2016-08-26,Viburnum,2,Ellington,0
2016-08-26,Ursuline Academy,0,Eureka,2
2016-08-26,Holt,2,Hazelwood Central,0
2016-08-26,Trinity Catholic,2,Hazelwood West,0
2016-08-26,Parkway Central,0,Marquette,2
2016-08-26,Duchesne,2,MICDS,0
2016-08-26,Hurley,2,Niangua,0
2016-08-26,St. Joseph's Academy,2,Nixa,0
2016-08-26,Cooter,0,North Pemiscot,2
2016-08-26,Francis Howell,2,Oakville,0
2016-08-26,Parkway West,2,Parkway North,0
2016-08-26,Conway,2,Plato,0
2016-08-26,Senath-Hornersville,1,Southland,2
2016-08-26,Warrenton,2,St. Charles,0
2016-08-26,Springfield Catholic,0,St. Dominic,2
2016-08-26,McCluer North,2,University City,0
2016-08-26,Lafayette (Wildwood),2,Villa Duchesne,0
2016-08-26,Hazelwood Central,0,Webster Groves,2
2016-08-26,Saxony Lutheran,2,Woodland,1
2016-08-27,Skyline,0,Adrian,2
2016-08-27,Oak Grove,2,Adrian,0
2016-08-27,Knob Noster,0,Adrian,2
2016-08-27,Sherwood,0,Adrian,2
2016-08-27,Miami (Amoret),0,Archie,2
2016-08-27,Lutheran (Kansas City),2,Archie,0
2016-08-27,Logan-Rogersville,2,Aurora,0
2016-08-27,Green Ridge,2,Aurora,0
2016-08-27,Fair Grove,0,Aurora,2
2016-08-27,Neosho,0,Aurora,2
2016-08-27,Willard,2,Aurora,0
2016-08-27,Winona,0,Aurora,2
2016-08-27,Parkview,2,Ava,0
2016-08-27,Willow Springs,2,Ava,0
2016-08-27,Union,1,Ava,1
2016-08-27,Nodaway-Holt,0,Benton,2
2016-08-27,St. James,1,Benton,2
2016-08-27,Rock Port,0,Benton,2
2016-08-27,Fordland,1,Blue Eye,1
2016-08-27,Willow Springs,2,Blue Eye,0
2016-08-27,Conway,0,Blue Eye,2
2016-08-27,Winona,1,Blue Springs South,1
2016-08-27,McDonald County,0,Blue Springs South,2
2016-08-27,South Iron,0,Blue Springs South,2
2016-08-27,Lee's Summit,0,Blue Springs South,2
2016-08-27,Carthage,0,Blue Springs South,2
2016-08-27,Branson,0,Blue Springs South,2
2016-08-27,Lone Jack,1,Boonville,1
2016-08-27,Windsor,1,Boonville,1
2016-08-27,Holden,2,Boonville,0
2016-08-27,Lexington,2,Boonville,0
2016-08-27,Summit Christian Academy,1,Branson,1
2016-08-27,Father Tolton,0,Branson,2
2016-08-27,Northland Christian,0,Branson,2
2016-08-27,Willard,2,Buffalo,0
2016-08-27,Mountain Grove,2,Buffalo,0
2016-08-27,Winona,2,Buffalo,0
2016-08-27,Stockton,1,Buffalo,1
2016-08-27,Drexel,0,Butler,2
2016-08-27,Lutheran (Kansas City),2,Butler,0
2016-08-27,Rich Hill,0,Butler,2
2016-08-27,Hume,0,Butler,2
2016-08-27,Clinton,0,Carthage,2
2016-08-27,Northland Christian,2,Carthage,0
2016-08-27,Hollister,0,Carthage,2
2016-08-27,Ft. Zumwalt West,0,Carthage,2
2016-08-27,Cristo Rey,2,Center,0
2016-08-27,Versailles,2,Central (Kansas City),0
2016-08-27,Houston,0,Central (Springfield),2
2016-08-27,El Dorado Springs,0,Central (Springfield),2
2016-08-27,Mt. Vernon,2,Central (Springfield),1
2016-08-27,Hollister,2,Clinton,0
2016-08-27,Northland Christian,2,Clinton,0
2016-08-27,Reeds Spring,2,Clinton,1
2016-08-27,Fordland,1,Conway,1
2016-08-27,St. Joseph's Academy,1,Dexter,1
2016-08-27,Kirkwood,2,Dexter,0
2016-08-27,Washington,2,Dexter,1
2016-08-27,Hume,0,Drexel,2
2016-08-27,Rich Hill,1,Drexel,1
2016-08-27,Mid-Buchanan,2,East Buchanan,0
2016-08-27,West Platte,1,East Buchanan,1
2016-08-27,Penney,0,East Buchanan,2
2016-08-27,Plattsburg,1,East Buchanan,1
2016-08-27,Lawson,1,East Buchanan,2
2016-08-27,Republic,2,El Dorado Springs,0
2016-08-27,Houston,0,El Dorado Springs,2
2016-08-27,Miller,2,Everton,0
2016-08-27,Verona,1,Everton,0
2016-08-27,Sarcoxie,2,Everton,0
2016-08-27,Southwest (Washburn),2,Everton,0
2016-08-27,Mountain Grove,0,Fair Grove,2
2016-08-27,Neosho,0,Fair Grove,2
2016-08-27,Stockton,0,Fair Grove,2
2016-08-27,Green Ridge,0,Fair Grove,2
2016-08-27,Fordland,0,Forsyth,2
2016-08-27,Parkview,2,Forsyth,0
2016-08-27,Conway,0,Forsyth,2
2016-08-27,Blue Eye,1,Forsyth,1
2016-08-27,Central (Springfield),0,Ft. Zumwalt West,2
2016-08-27,El Dorado Springs,0,Ft. Zumwalt West,2
2016-08-27,Houston,0,Ft. Zumwalt West,2
2016-08-27,Marionville,2,Golden City,0
2016-08-27,Exeter,0,Golden City,2
2016-08-27,Mountain Grove,2,Green Ridge,1
2016-08-27,Neosho,0,Green Ridge,2
2016-08-27,Stockton,1,Green Ridge,2
2016-08-27,Marshall,1,Hannibal,2
2016-08-27,St. Dominic,2,Hickman,0
2016-08-27,Washington,1,Hickman,1
2016-08-27,Parkway West,2,Hickman,0
2016-08-27,University Academy Charter,2,Hogan Prep Academy Charter,0
2016-08-27,Raytown South,2,Hogan Prep Academy Charter,0
2016-08-27,Versailles,2,Hogan Prep Academy Charter,0
2016-08-27,Skyline,0,Holden,2
2016-08-27,Lone Jack,0,Holden,2
2016-08-27,Windsor,0,Holden,2
2016-08-27,Oak Grove,0,Holden,2
2016-08-27,Rockwood Summit,2,Hollister,0
2016-08-27,Northland Christian,2,Hollister,0
2016-08-27,Rich Hill,2,Hume,0
2016-08-27,Incarnate Word Academy,0,Kickapoo,2
2016-08-27,St. Joseph's Academy,0,Kirkwood,2
2016-08-27,St. Dominic,2,Kirkwood,0
2016-08-27,Parkway West,1,Kirkwood,2
2016-08-27,Skyline,2,Knob Noster,0
2016-08-27,Sherwood,0,Knob Noster,2
2016-08-27,Lexington,2,Knob Noster,0
2016-08-27,Rockwood Summit,2,Lamar,0
2016-08-27,Lebanon,2,Lamar,0
2016-08-27,Reeds Spring,2,Lamar,0
2016-08-27,Houston,0,Lamar,2
2016-08-27,Mid-Buchanan,1,Lathrop,1
2016-08-27,North Platte,0,Lathrop,2
2016-08-27,Penney,0,Lathrop,2
2016-08-27,Plattsburg,0,Lathrop,2
2016-08-27,Mid-Buchanan,1,Lawson,1
2016-08-27,North Platte,0,Lawson,2
2016-08-27,Lathrop,0,Lawson,2
2016-08-27,West Platte,0,Lawson,2
2016-08-27,Winona,1,Lebanon,2
2016-08-27,Branson,2,Lebanon,1
2016-08-27,Republic,0,Lee's Summit,2
2016-08-27,Plato,0,Lee's Summit,2
2016-08-27,Mt. Vernon,0,Lee's Summit,2
2016-08-27,Willard,1,Lexington,1
2016-08-27,St. Paul Lutheran (Concordia),1,Lexington,1
2016-08-27,Oak Grove,2,Lexington,0
2016-08-27,Golden City,0,Lockwood,2
2016-08-27,Verona,0,Lockwood,2
2016-08-27,Exeter,0,Lockwood,2
2016-08-27,Purdy,2,Lockwood,0
2016-08-27,Marionville,2,Lockwood,0
2016-08-27,Fair Grove,0,Logan-Rogersville,2
2016-08-27,Green Ridge,0,Logan-Rogersville,2
2016-08-27,Neosho,0,Logan-Rogersville,2
2016-08-27,Winona,0,Logan-Rogersville,2
2016-08-27,Willard,0,Logan-Rogersville,2
2016-08-27,Willard,0,Lone Jack,2
2016-08-27,Windsor,1,Lone Jack,1
2016-08-27,Sherwood,1,Lone Jack,2
2016-08-27,Miller,2,Marionville,1
2016-08-27,Sarcoxie,0,Marionville,2
2016-08-27,Exeter,0,Marionville,2
2016-08-27,Winona,2,McDonald County,0
2016-08-27,South Iron,0,McDonald County,2
2016-08-27,Seneca,2,McDonald County,1
2016-08-27,Lutheran (Kansas City),2,Miami (Amoret),0
2016-08-27,North Platte,0,Mid-Buchanan,2
2016-08-27,West Platte,0,Mid-Buchanan,2
2016-08-27,Southwest (Washburn),0,Miller,2
2016-08-27,Verona,0,Miller,2
2016-08-27,Sarcoxie,1,Miller,1
2016-08-27,Stockton,0,Mountain Grove,2
2016-08-27,Winona,2,Mountain Grove,0
2016-08-27,Republic,2,Mt. Vernon,0
2016-08-27,Plato,0,Mt. Vernon,2
2016-08-27,Plattsburg,2,North Platte,0
2016-08-27,Willard,0,Oak Grove,2
2016-08-27,St. Paul Lutheran (Concordia),2,Oak Grove,0
2016-08-27,Willow Springs,2,Parkview,0
2016-08-27,Union,0,Parkview,2
2016-08-27,St. Dominic,1,Parkway West,1
2016-08-27,St. Joseph's Academy,0,Parkway West,2
2016-08-27,Washington,1,Parkway West,1
2016-08-27,West Platte,2,Penney,0
2016-08-27,Plattsburg,2,Penney,0
2016-08-27,Republic,2,Plato,0
2016-08-27,Father Tolton,2,Plato,0
2016-08-27,West Platte,2,Plattsburg,0
2016-08-27,Miller,2,Purdy,0
2016-08-27,Golden City,1,Purdy,1
2016-08-27,Exeter,0,Purdy,2
2016-08-27,Marionville,1,Purdy,1
2016-08-27,Versailles,0,Raytown South,2
2016-08-27,University Academy Charter,1,Raytown South,1
2016-08-27,Cristo Rey,0,Raytown South,2
2016-08-27,Rockwood Summit,2,Reeds Spring,0
2016-08-27,Lebanon,2,Reeds Spring,0
2016-08-27,Father Tolton,2,Reeds Spring,0
2016-08-27,Lutheran (Kansas City),2,Rich Hill,0
2016-08-27,St. Joseph Christian,0,Rock Port,2
2016-08-27,Lebanon,2,Rockwood Summit,0
2016-08-27,Seneca,0,Rockwood Summit,2
2016-08-27,Republic,2,Rockwood Summit,0
2016-08-27,Cristo Rey,2,Ruskin,0
2016-08-27,Verona,0,Sarcoxie,2
2016-08-27,Southwest (Washburn),0,Sarcoxie,2
2016-08-27,Summit Christian Academy,0,Seneca,2
2016-08-27,Branson,2,Seneca,0
2016-08-27,Father Tolton,0,Seneca,2
2016-08-27,Skyline,2,Sherwood,0
2016-08-27,St. Joseph Christian,0,St. James,2
2016-08-27,Winona,2,South Iron,0
2016-08-27,Summit Christian Academy,1,South Iron,2
2016-08-27,Father Tolton,2,South Iron,0
2016-08-27,Verona,2,Southwest (Washburn),0
2016-08-27,Willow Springs,1,Union,1
2016-08-27,St. Joseph's Academy,1,St. Dominic,2
2016-08-27,Winona,2,Stockton,0
2016-08-27,St. Paul Lutheran (Concordia),2,Willard,0
2016-08-27,Father Tolton,1,Summit Christian Academy,1
2016-08-27,Cristo Rey,0,Versailles,2
2016-08-27,University Academy Charter,1,Versailles,2
2016-08-27,St. Dominic,1,Washington,1
2016-08-27,Stockton,0,Willard,2
2016-08-27,Mountain Grove,1,Willard,1
2016-08-27,Winona,0,Willard,2
2016-08-27,St. Paul Lutheran (Concordia),2,Windsor,1
2016-08-28,Trinity Catholic,2,McCluer,0
2016-08-29,Reeds Spring,2,Blue Eye,0
2016-08-29,Golden City,2,Bronaugh,0
2016-08-29,Puxico,2,Central (Cape Girardeau),0
2016-08-29,Mexico,1,Centralia,2
2016-08-29,Hayti,2,Charleston,1
2016-08-29,La Monte,2,Chilhowee,0
2016-08-29,Arcadia Valley,2,Clearwater,0
2016-08-29,Cassville,1,Clever,2
2016-08-29,Santa Fe,2,Concordia,0
2016-08-29,Green Ridge,2,Concordia,0
2016-08-29,Mehlville,0,Cor Jesu Academy,2
2016-08-29,Farmington,1,Dexter,2
2016-08-29,Southern Boone,0,Fatima,2
2016-08-29,Ava,0,Fordland,2
2016-08-29,Rock Bridge,1,Ft. Zumwalt South,2
2016-08-29,Father Tolton,2,Fulton,0
2016-08-29,Santa Fe,1,Green Ridge,2
2016-08-29,McCluer,0,Hazelwood Central,2
2016-08-29,Pleasant Hope,0,Hollister,2
2016-08-29,Savannah,0,Jefferson City,2
2016-08-29,Metro,2,Jennings,0
2016-08-29,Crystal City,0,Kingston,2
2016-08-29,Parkway Central,2,Kirkwood,1
2016-08-29,Doniphan,2,Koshkonong,0
2016-08-29,Wentworth Military Academy,0,La Monte,2
2016-08-29,Platte County,0,Lee's Summit North,2
2016-08-29,Winnetonka,0,Liberty,2
2016-08-29,Sarcoxie,0,Linn,2
2016-08-29,Oak Grove,2,Marshall,0
2016-08-29,New Heights Christian,0,McDonald County,2
2016-08-29,Crane,2,Monett,0
2016-08-29,Chamois,0,New Haven,2
2016-08-29,Poplar Bluff,2,North County,0
2016-08-29,East (Kansas City),0,Northeast (Kansas City),2
2016-08-29,Crest Ridge,0,Northwest (Hughesville),2
2016-08-29,Bernie,0,Notre Dame (Cape Girardeau),2
2016-08-29,Bayless,1,Notre Dame (St. Louis),2
2016-08-29,Park Hill South,2,Oak Park,0
2016-08-29,Pleasant Hill,2,O'Hara,0
2016-08-29,Oak Ridge,2,Oran,1
2016-08-29,Francis Howell North,2,Parkway South,0
2016-08-29,Nerinx Hall,2,Parkway West,0
2016-08-29,Trenton,2,Penney,0
2016-08-29,Purdy,0,Pierce City,2
2016-08-29,Osage,1,Plato,2
2016-08-29,West Platte,2,Plattsburg,1
2016-08-29,Malden,2,Portageville,0
2016-08-29,Bell City,2,Richland (Essex),0
2016-08-29,North Pemiscot,0,Risco,2
2016-08-29,McAuley Catholic,0,Sarcoxie,2
2016-08-29,Northland Christian,2,Savannah,0
2016-08-29,Forsyth,2,School of the Ozarks,0
2016-08-29,Fredericktown,2,Seneca,0
2016-08-29,Central (New Madrid County),2,Senath-Hornersville,0
2016-08-29,Grain Valley,2,Sparta,0
2016-08-29,East Buchanan,2,St. James,0
2016-08-29,Warrenton,2,St. Clair,1
2016-08-29,Francis Howell Central,0,St. Dominic,2
2016-08-29,Herculaneum,2,St. Paul Lutheran (Farmington),0
2016-08-29,Viburnum,1,Warsaw,2
2016-08-29,Springfield Catholic,2,Stockton,1
2016-08-29,Skyline,1,Willard,2
2016-08-29,Cabool,2,Thayer,0
2016-08-29,Bunceton,0,Tipton,2
2016-08-29,McCluer,0,Trinity Catholic,2
2016-08-29,Bloomfield,2,St. Clair,0
2016-08-29,Jefferson (Festus),1,Valle Catholic,2
2016-08-29,Warrensburg,1,Versailles,2
2016-08-29,Ursuline Academy,0,Villa Duchesne,2
2016-08-29,Lindbergh,2,Webster Groves,0
2016-08-29,Chilhowee,2,Wentworth Military Academy,0
2016-08-29,Salem,0,West Plains,2
2016-08-29,Everton,0,Wheaton,2
2016-08-29,Holt,2,Winfield,0
2016-08-30,Viburnum,0,Arcadia Valley,2
2016-08-30,Springfield Catholic,2,Ash Grove,0
2016-08-30,Hume,2,Ballard,0
2016-08-30,Miami (Amoret),1,Ballard,2
2016-08-30,Lebanon,0,Battle,2
2016-08-30,Zalma,0,Bell City,2
2016-08-30,Kearney,2,Belton,0
2016-08-30,Cardinal Ritter,0,Bishop DuBourg,2
2016-08-30,Rock Port,0,Bishop LeBlond,2
2016-08-30,Meadow Heights,0,Bismarck,2
2016-08-30,New Haven,0,Blair Oaks,2
2016-08-30,Richland (Essex),0,Bloomfield,2
2016-08-30,Blue Springs South,2,Blue Springs,1
2016-08-30,Cuba,2,Bourbon,1
2016-08-30,Montgomery County,2,Bowling Green,1
2016-08-30,Parkview,0,Branson,2
2016-08-30,Otterville,2,Bunceton,0
2016-08-30,Winona,2,Bunker,0
2016-08-30,Barstow,1,Butler,3
2016-08-30,Aurora,0,Carthage,2
2016-08-30,Campbell,0,Caruthersville,2
2016-08-30,St. Pius X (Kansas City),2,Center,0
2016-08-30,Hogan Prep Academy Charter,2,Central (Kansas City),0
2016-08-30,Liberty,2,Central (St. Joseph),0
2016-08-30,Niangua,0,Chadwick,2
2016-08-30,Oak Ridge,2,Charleston,0
2016-08-30,Kingsville,1,Chilhowee,0
2016-08-30,Brookfield,0,Chillicothe,2
2016-08-30,Gideon,2,Clarkton,1
2016-08-30,Valley Park,2,Cleveland NJROTC,0
2016-08-30,Reeds Spring,0,Clever,2
2016-08-30,Knob Noster,0,Clinton,2
2016-08-30,Osage,2,Cole Camp,0
2016-08-30,Wellington-Napoleon,2,Concordia,1
2016-08-30,Buffalo,0,Conway,2
2016-08-30,Delta (Deering),0,Cooter,2
2016-08-30,Wheaton,2,Crane,1
2016-08-30,Adrian,2,Crest Ridge,0
2016-08-30,Central (Park Hills),0,DeSoto,2
2016-08-30,Miami (Amoret),1,Drexel,2
2016-08-30,Ballard,0,Drexel,2
2016-08-30,Hume,0,Drexel,2
2016-08-30,Diamond,0,East Newton,2
2016-08-30,Winona,2,El Dorado Springs,0
2016-08-30,Mexico,0,Eldon,2
2016-08-30,Lesterville,2,Ellington,0
2016-08-30,Cameron,1,Excelsior Springs,2
2016-08-30,Thomas Jefferson Independent Day,2,Exeter,0
2016-08-30,Hermann,2,Father Tolton,0
2016-08-30,Crystal City,0,Fox,2
2016-08-30,Lindbergh,0,Francis Howell,2
2016-08-30,Ft. Zumwalt East,1,Ft. Zumwalt West,2
2016-08-30,Father Tolton,2,Fulton,0
2016-08-30,Everton,0,Greenfield,2
2016-08-30,St. Paul Lutheran (Farmington),1,Greenville,2
2016-08-30,Northeast (Kansas City),2,Guadalupe Centers Charter,0
2016-08-30,McCluer North,2,Hazelwood East,0
2016-08-30,Brentwood,0,Herculaneum,2
2016-08-30,Boonville,0,Hickman,2
2016-08-30,Farmington,2,Hillsboro,0
2016-08-30,Senath-Hornersville,0,Holcomb,2
2016-08-30,Oak Grove,0,Holden,2
2016-08-30,Hillcrest,2,Hollister,0
2016-08-30,Wright City,2,Houston,1
2016-08-30,Miami (Amoret),1,Hume,2
2016-08-30,Bradleyville,0,Hurley,2
2016-08-30,Poplar Bluff,1,Jackson,2
2016-08-30,Helias Catholic,2,Jefferson City,0
2016-08-30,Lutheran South,2,John Burroughs,0
2016-08-30,Hallsville,2,Kirksville,0
2016-08-30,Carrollton,0,Lawson,2
2016-08-30,Lee's Summit North,2,Lee's Summit West,1
2016-08-30,Lone Jack,0,Lexington,2
2016-08-30,Lamar,1,Liberal,2
2016-08-30,West Plains,0,Liberty (Mountain View),2
2016-08-30,Timberland,2,Liberty (Wentzville),0
2016-08-30,Mountain Grove,2,Licking,0
2016-08-30,Fatima,2,Linn,0
2016-08-30,Camdenton,0,Logan-Rogersville,2
2016-08-30,Pembroke Hill,1,Lutheran (Kansas City),2
2016-08-30,John F. Kennedy,0,Lutheran St. Charles,2
2016-08-30,Central (New Madrid County),0,Malden,2
2016-08-30,Fair Grove,2,Marshfield,0
2016-08-30,Rich Hill,2,McAuley Catholic,1
2016-08-30,Hazelwood Central,2,McCluer,0
2016-08-30,Roosevelt,0,McCluer South-Berkeley,2
2016-08-30,Cassville,0,McDonald County,2
2016-08-30,Principia,0,MICDS,2
2016-08-30,Sherwood,0,Midway,2
2016-08-30,Neosho,0,Mt. Vernon,2
2016-08-30,Miller,2,New Heights Christian,0
2016-08-30,Joplin,0,Nixa,2
2016-08-30,St. Charles,2,North Kansas City,0
2016-08-30,Santa Fe,2,Northwest (Hughesville),0
2016-08-30,St. Dominic,2,Notre Dame (St. Louis),0
2016-08-30,Staley,2,Oak Park,1
2016-08-30,Kirkwood,1,Oakville,2
2016-08-30,Lafayette County,0,Odessa,2
2016-08-30,Advance,2,Oran,0
2016-08-30,St. Charles West,0,Orchard Farm,2
2016-08-30,Lathrop,2,Orrick,1
2016-08-30,Lockwood,1,Osceola,2
2016-08-30,Belle,0,Owensville,2
2016-08-30,Kickapoo,0,Ozark,2
2016-08-30,Eureka,2,Pacific,0
2016-08-30,Lee's Summit,1,Park Hill,2
2016-08-30,Liberty North,0,Park Hill South,2
2016-08-30,Francis Howell North,2,Pattonville,0
2016-08-30,Fredericktown,0,Perryville,2
2016-08-30,Cabool,0,Plato,2
2016-08-30,Raytown South,0,Platte County,2
2016-08-30,Hayti,0,Portageville,2
2016-08-30,Billings,2,Purdy,1
2016-08-30,Grandview,0,Raytown,2
2016-08-30,Glendale,2,Republic,1
2016-08-30,Hazelwood West,2,Riverview Gardens,0
2016-08-30,St. Joseph's Academy,2,Springfield Catholic,0
2016-08-30,Eminence,2,Salem,0
2016-08-30,Monett,0,Sarcoxie,2
2016-08-30,St. Vincent,0,Saxony Lutheran,2
2016-08-30,Lakeland,2,Sheldon,0
2016-08-30,Versailles,2,Skyline,0
2016-08-30,Nevada,2,Savannah,0
2016-08-30,Calvary Lutheran,2,Smithton,0
2016-08-30,St. Joseph Christian,0,St. James,2
2016-08-30,Kennett,2,Summersville,1
2016-08-30,Eugene,0,Southern Boone,2
2016-08-30,North Pemiscot,2,Southland,0
2016-08-30,Fordland,2,Union,1
2016-08-30,Winfield,2,St. Charles,0
2016-08-30,Rolla,2,St. James,0
2016-08-30,Summit Christian Academy,1,St. Paul Lutheran (Concordia),2
2016-08-30,Sarcoxie,0,Willard,2
2016-08-30,Waynesville,2,Webb City,1
2016-08-30,East (Kansas City),0,West Plains,2
2016-08-30,Plattsburg,2,Trenton,0
2016-08-30,Veritas Christian Academy,2,Trinity Catholic,1
2016-08-30,Hannibal,1,Troy Buchanan,2
2016-08-30,Doniphan,0,St. Clair,2
2016-08-30,Mehlville,0,Union,2
2016-08-30,Festus,0,Valle Catholic,2
2016-08-30,Grandview (Hillsboro),2,Valley,0
2016-08-30,University Academy Charter,3,Versailles,2
2016-08-30,O'Hara,2,Warrensburg,1
2016-08-30,Lincoln,1,Warsaw,1
2016-08-30,Incarnate Word Academy,0,Webster Groves,2
2016-08-30,South Iron,0,West County,2
2016-08-30,Villa Duchesne,2,Westminster Christian Academy,0
2016-08-30,Parkway North,0,Whitfield,2
2016-08-30,Central (Springfield),0,Willard,2
2016-08-30,Ruskin,0,William Chrisman,2
2016-08-30,Archie,1,Windsor,2
2016-08-30,St. Vincent,0,Windsor (Imperial),2
2016-08-30,North County,0,Windsor (Imperial),2
2016-08-30,Fort Osage,0,Winnetonka,2
2016-08-30,Puxico,0,Woodland,2
2016-08-30,Centralia,1,Wright City,2
2016-08-31,Kirksville,0,Battle,2
2016-08-31,Clayton,0,Bayless,2
2016-08-31,Guadalupe Centers Charter,0,Cristo Rey,2
2016-08-31,Perryville,1,Farmington,2
2016-08-31,Warrenton,0,Ft. Zumwalt North,2
2016-08-31,Maplewood-Richmond Hts.,0,John Burroughs,2
2016-08-31,Valley,0,Leopold,2
2016-08-31,University Academy Charter,0,Lincoln College Prep,2
2016-08-31,Eureka,2,Marquette,0
2016-08-31,Hazelwood East,2,Normandy Collaborative,0
2016-08-31,Rockwood Summit,0,Northwest (Cedar Hill),2
2016-08-31,Seneca,0,Notre Dame (Cape Girardeau),2
2016-08-31,Francis Howell Central,2,Oakville,1
2016-08-31,Glendale,2,Parkview,0
2016-08-31,Notre Dame de Sion,0,Pleasant Hill,2
2016-08-31,MICDS,0,St. Charles,2
2016-08-31,Duchesne,0,St. Dominic,2
2016-08-31,Windsor (Imperial),2,Ste. Genevieve,0
2016-08-31,Westminster Christian Academy,0,Ursuline Academy,2
2016-08-31,Smithton,1,Warsaw,1
2016-08-31,Pacific,1,Washington,2
2016-09-01,Windsor,0,Adrian,2
2016-09-01,Oak Ridge,0,Advance,2
2016-09-01,Festus,1,Arcadia Valley,2
2016-09-01,Lincoln,1,Archie,2
2016-09-01,School of the Ozarks,0,Ash Grove,2
2016-09-01,Mt. Vernon,0,Aurora,2
2016-09-01,Marshfield,2,Ava,0
2016-09-01,Dixon,1,Belle,2
2016-09-01,Raytown South,0,Belton,2
2016-09-01,Bell City,0,Bernie,3
2016-09-01,Forsyth,2,Billings,1
2016-09-01,Lutheran St. Charles,2,Bishop DuBourg,0
2016-09-01,Warsaw,0,Blair Oaks,2
2016-09-01,Poplar Bluff,2,Bloomfield,0
2016-09-01,Hurley,2,Blue Eye,1
2016-09-01,Kirksville,0,Boonville,2
2016-09-01,Hannibal,2,Bowling Green,0
2016-09-01,Skyline,0,Buffalo,2
2016-09-01,Eldon,0,California,2
2016-09-01,Benton,2,Cameron,1
2016-09-01,Delta (Deering),2,Campbell,0
2016-09-01,Veritas Christian Academy,2,Cardinal Ritter,0
2016-09-01,Trenton,0,Carrollton,2
2016-09-01,Herculaneum,2,Central (Park Hills),1
2016-09-01,Branson,0,Central (Springfield),2
2016-09-01,Park Hill South,2,Central (St. Joseph),0
2016-09-01,Battle,2,Centralia,0
2016-09-01,Affton,2,Clayton,0
2016-09-01,Woodland,2,Clearwater,0
2016-09-01,Green Ridge,2,Crest Ridge,0
2016-09-01,Crystal City,2,Crossroads College Preparatory,0
2016-09-01,Viburnum,2,Cuba,0
2016-09-01,Lone Jack,2,Drexel,1
2016-09-01,University Academy Charter,0,Drexel,2
2016-09-01,Cristo Rey,2,East (Kansas City),0
2016-09-01,Neosho,0,East Newton,2
2016-09-01,Fulton,2,Eugene,1
2016-09-01,Logan-Rogersville,2,Fair Grove,0
2016-09-01,Hermann,2,Fatima,0
2016-09-01,Pleasant Hope,0,Fordland,2
2016-09-01,Francis Howell Central,0,Francis Howell,2
2016-09-01,Troy Buchanan,2,Francis Howell North,1
2016-09-01,Ft. Zumwalt South,1,Ft. Zumwalt East,2
2016-09-01,Liberty (Wentzville),0,Ft. Zumwalt North,2
2016-09-01,Timberland,2,Ft. Zumwalt West,0
2016-09-01,Chadwick,0,Galena,2
2016-09-01,Holcomb,1,Gideon,2
2016-09-01,Zalma,0,Greenville,2
2016-09-01,North Technical,0,Hancock,2
2016-09-01,Lutheran (Kansas City),2,Harrisonville,1
2016-09-01,Jackson,2,Hillsboro,0
2016-09-01,Washington,2,Holt,0
2016-09-01,Ste. Genevieve,2,Jefferson (Festus),1
2016-09-01,Trinity Catholic,2,John F. Kennedy,1
2016-09-01,Lebanon,2,Joplin,1
2016-09-01,Grandview,0,Kearney,2
2016-09-01,Malden,2,Kennett,0
2016-09-01,Rolla,0,Kickapoo,2
2016-09-01,Midway,2,Kingsville,0
2016-09-01,Ursuline Academy,1,Kirkwood,2
2016-09-01,Otterville,1,La Monte,1
2016-09-01,Windsor,2,La Monte,0
2016-09-01,Northwest (Cedar Hill),0,Lafayette (Wildwood),2
2016-09-01,University Academy Charter,2,Lakeland,0
2016-09-01,Pierce City,2,Lamar,0
2016-09-01,Northland Christian,2,Lathrop,0
2016-09-01,Excelsior Springs,2,Lawson,0
2016-09-01,St. Charles,1,Lee's Summit,2
2016-09-01,Blue Springs South,2,Lee's Summit North,0
2016-09-01,Park Hill,1,Lee's Summit West,2
2016-09-01,Bunker,0,Lesterville,2
2016-09-01,St. Paul Lutheran (Concordia),2,Lexington,1
2016-09-01,William Chrisman,0,Liberty,2
2016-09-01,Eminence,0,Liberty (Mountain View),2
2016-09-01,Warsaw,2,Licking,1
2016-09-01,Fox,0,Lindbergh,2
2016-09-01,St. Clair,2,Linn,0
2016-09-01,El Dorado Springs,2,Lockwood,1
2016-09-01,Cassville,0,Marionville,2
2016-09-01,Bishop LeBlond,1,Maryville,2
2016-09-01,Exeter,0,McAuley Catholic,2
2016-09-01,Webb City,2,McDonald County,1
2016-09-01,Marshall,2,Mexico,1
2016-09-01,Bronaugh,2,Miami (Amoret),1
2016-09-01,Republic,2,Mountain Grove,1
2016-09-01,Warrensburg,0,Nevada,2
2016-09-01,Montgomery County,0,New Haven,2
2016-09-01,Sarcoxie,2,New Heights Christian,0
2016-09-01,Jennings,2,Normandy Collaborative,0
2016-09-01,Hallsville,2,North Callaway,1
2016-09-01,Union,2,North County,0
2016-09-01,Clarkton,0,North Pemiscot,2
2016-09-01,Chilhowee,0,Northwest (Hughesville),2
2016-09-01,St. Pius X (Kansas City),2,Notre Dame de Sion,0
2016-09-01,North Kansas City,2,Oak Park,1
2016-09-01,Wellington-Napoleon,0,Odessa,2
2016-09-01,Center,0,O'Hara,2
2016-09-01,Versailles,1,Osage,2
2016-09-01,Jefferson City,0,Ozark,2
2016-09-01,Oakville,2,Parkway South,0
2016-09-01,Ladue Horton Watkins,1,Parkway West,2
2016-09-01,Brookfield,0,Plattsburg,2
2016-09-01,Charleston,0,Portageville,2
2016-09-01,Bismarck,2,Potosi,0
2016-09-01,Verona,0,Purdy,2
2016-09-01,Blue Springs,2,Raymore-Peculiar,0
2016-09-01,Liberty North,0,Raytown,2
2016-09-01,Monett,0,Reeds Spring,2
2016-09-01,Jasper,2,Rich Hill,1
2016-09-01,Puxico,2,Richland (Essex),0
2016-09-01,Orrick,2,Richmond,1
2016-09-01,Cooter,1,Risco,2
2016-09-01,Nixa,2,Rock Bridge,0
2016-09-01,Nodaway-Holt,0,Rock Port,2
2016-09-01,Notre Dame (St. Louis),1,Springfield Catholic,2
2016-09-01,Chamois,3,Sarcoxie,2
2016-09-01,Lafayette County,0,Santa Fe,2
2016-09-01,Lafayette (St. Joseph),0,Savannah,2
2016-09-01,Meadow Heights,2,Seneca,0
2016-09-01,Mehlville,0,Seckman,2
2016-09-01,Diamond,0,Seneca,2
2016-09-01,Saxony Lutheran,2,Sikeston,0
2016-09-01,Clinton,0,Savannah,2
2016-09-01,Otterville,0,Smithton,2
2016-09-01,Chillicothe,0,Sparta,2
2016-09-01,Ellington,1,South Iron,2
2016-09-01,Senath-Hornersville,2,Summersville,0
2016-09-01,Union,1,Spokane,2
2016-09-01,Clever,2,Springfield Catholic,1
2016-09-01,MICDS,0,St. Charles,2
2016-09-01,Warrenton,2,St. Charles West,1
2016-09-01,Incarnate Word Academy,1,St. Joseph's Academy,2
2016-09-01,Bourbon,0,St. James,2
2016-09-01,North Platte,2,St. Joseph Christian,0
2016-09-01,Cor Jesu Academy,0,St. Joseph's Academy,2
2016-09-01,Fort Osage,0,Staley,2
2016-09-01,Greenfield,0,Stockton,2
2016-09-01,Osceola,0,Winona,2
2016-09-01,Doniphan,2,Thayer,0
2016-09-01,Southwest (Washburn),2,Thomas Jefferson Independent Day,0
2016-09-01,Hayti,0,St. Clair,2
2016-09-01,McCluer South-Berkeley,0,University City,2
2016-09-01,Grandview,2,Valley Park,0
2016-09-01,Grandview (Hillsboro),2,Valley Park,0
2016-09-01,Butler,3,Versailles,0
2016-09-01,Lutheran South,2,Visitation Academy,0
2016-09-01,Hillcrest,2,Waynesville,0
2016-09-01,Nerinx Hall,0,Webster Groves,2
2016-09-01,Concordia,2,Wentworth Military Academy,0
2016-09-01,St. Paul Lutheran (Farmington),0,West County,2
2016-09-01,Camdenton,2,West Plains,0
2016-09-01,East Buchanan,1,West Platte,2
2016-09-01,Bolivar,0,Willard,2
2016-09-01,Wright City,2,Willow Springs,1
2016-09-01,Festus,0,Windsor (Imperial),2
2016-09-01,Orchard Farm,0,Winfield,2
2016-09-01,Platte County,0,Winnetonka,2
2016-09-01,Cabool,0,Winona,2
2016-09-02,Woodland,0,Advance,2
2016-09-02,St. Vincent,1,Bernie,1
2016-09-02,Notre Dame (Cape Girardeau),1,Bernie,1
2016-09-02,Wheaton,2,Billings,0
2016-09-02,Warsaw,2,Bourbon,0
2016-09-02,Lutheran North,2,Brentwood,1
2016-09-02,Risco,1,Campbell,2
2016-09-02,Lindbergh,1,Central (Cape Girardeau),1
2016-09-02,St. Vincent,0,Dexter,2
2016-09-02,Perryville,0,Dexter,2
2016-09-02,Bunceton,0,Eugene,2
2016-09-02,Calhoun,0,Lakeland,2
2016-09-02,University Academy Charter,0,Lincoln College Prep,2
2016-09-02,Transportation and Law,0,Metro,2
2016-09-02,Roosevelt,0,Metro,2
2016-09-02,Miller Career Academy,0,Metro,2
2016-09-02,Parkway South,0,MICDS,2
2016-09-02,Waynesville,0,Miller Career Academy,2
2016-09-02,Soldan International Studies,0,Miller Career Academy,2
2016-09-02,Sheldon,0,Northeast Vernon County,2
2016-09-02,Pattonville,0,Parkway West,2
2016-09-02,Ste. Genevieve,1,Perryville,1
2016-09-02,Seckman,1,Rockwood Summit,2
2016-09-02,Transportation and Law,2,Roosevelt,0
2016-09-02,Waynesville,1,Roosevelt,2
2016-09-02,Notre Dame (Cape Girardeau),1,Ste. Genevieve,1
2016-09-02,Webb City,2,Whitfield,0
2016-09-02,North County,0,Wright City,2
2016-09-03,Perryville,2,Bernie,0
2016-09-03,St. Vincent,2,Bernie,0
2016-09-03,Warsaw,0,Cameron,2
2016-09-03,Galena,2,Chadwick,0
2016-09-03,Hurley,2,Chadwick,0
2016-09-03,Springfield Catholic,2,Chadwick,0
2016-09-03,Notre Dame (Cape Girardeau),2,Dexter,0
2016-09-03,Lindbergh,1,Dexter,2
2016-09-03,Ft. Zumwalt East,1,Duchesne,2
2016-09-03,Holt,2,Francis Howell Central,0
2016-09-03,St. Charles West,0,Francis Howell Central,2
2016-09-03,Hannibal,2,Francis Howell Central,0
2016-09-03,Springfield Catholic,2,Galena,0
2016-09-03,Hurley,0,Galena,2
2016-09-03,School of the Ozarks,2,Galena,1
2016-09-03,Holt,0,Hannibal,2
2016-09-03,Timberland,2,Hannibal,0
2016-09-03,Duchesne,2,Hannibal,0
2016-09-03,St. Charles West,0,Hannibal,2
2016-09-03,Kickapoo,1,Helias Catholic,2
2016-09-03,Duchesne,0,Holt,2
2016-09-03,Timberland,2,Holt,0
2016-09-03,Springfield Catholic,2,Hurley,0
2016-09-03,Rock Bridge,0,Kickapoo,2
2016-09-03,Savannah,2,Kirksville,0
2016-09-03,Northwest (Hughesville),2,Lafayette County,0
2016-09-03,Warrensburg,2,Lafayette County,0
2016-09-03,Warsaw,1,Lafayette County,1
2016-09-03,Cameron,1,Lafayette County,1
2016-09-03,Richmond,0,Lafayette County,2
2016-09-03,Bernie,0,Lindbergh,2
2016-09-03,St. Vincent,0,Lindbergh,2
2016-09-03,Notre Dame (Cape Girardeau),1,Lindbergh,1
2016-09-03,Perryville,1,Lindbergh,1
2016-09-03,Ste. Genevieve,1,Lindbergh,2
2016-09-03,Northwest (Hughesville),0,Maryville,2
2016-09-03,Warrensburg,2,Maryville,0
2016-09-03,Savannah,2,Maryville,0
2016-09-03,Richmond,0,Maryville,2
2016-09-03,Cameron,1,Maryville,2
2016-09-03,Richmond,0,Northwest (Hughesville),2
2016-09-03,Warsaw,1,Northwest (Hughesville),2
2016-09-03,Notre Dame (Cape Girardeau),2,Perryville,1
2016-09-03,St. Vincent,0,Perryville,2
2016-09-03,Northwest (Hughesville),2,Savannah,0
2016-09-03,Warrensburg,2,Savannah,0
2016-09-03,Richmond,0,Savannah,2
2016-09-03,School of the Ozarks,1,Spokane,1
2016-09-03,Springfield Catholic,2,Spokane,0
2016-09-03,Holt,2,St. Charles West,0
2016-09-03,St. Vincent,0,Ste. Genevieve,2
2016-09-03,Ft. Zumwalt East,1,Timberland,2
2016-09-03,Duchesne,2,Timberland,1
2016-09-03,Winfield,0,Timberland,2
2016-09-03,Cameron,0,Warrensburg,2
2016-09-03,Warsaw,0,Warrensburg,2
2016-09-03,Duchesne,2,Winfield,0
2016-09-03,Ft. Zumwalt East,2,Winfield,0
2016-09-05,Cole Camp,0,California,2
2016-09-05,Buffalo,0,Fair Grove,2
2016-09-05,McCluer,0,Hazelwood East,2
2016-09-05,Clayton,2,McCluer South-Berkeley,0
2016-09-05,William Chrisman,0,St. Charles,2
2016-09-05,Central (Springfield),0,Webb City,2
2016-09-06,Brentwood,0,Affton,2
2016-09-06,Wright City,2,Barat Academy,0
2016-09-06,Webb City,2,Belle,0
2016-09-06,Advance,0,Bernie,2
2016-09-06,Roosevelt,0,Bishop DuBourg,2
2016-09-06,Eldon,0,Blair Oaks,2
2016-09-06,Lee's Summit West,0,Blue Springs South,2
2016-09-06,McAuley Catholic,2,Bronaugh,1
2016-09-06,Adrian,2,Butler,0
2016-09-06,Licking,0,Cabool,2
2016-09-06,Cole Camp,0,California,2
2016-09-06,North Callaway,0,Calvary Lutheran,2
2016-09-06,Kickapoo,2,Camdenton,0
2016-09-06,Penney,0,Cameron,2
2016-09-06,Joplin,0,Carthage,2
2016-09-06,Warrensburg,2,Center,0
2016-09-06,Charleston,1,Central (New Madrid County),2
2016-09-06,Ruskin,0,Central (St. Joseph),2
2016-09-06,Carrollton,0,Chillicothe,2
2016-09-06,Forsyth,0,Clever,2
2016-09-06,North Pemiscot,2,Cooter,0
2016-09-06,Eureka,2,Cor Jesu Academy,0
2016-09-06,Hurley,2,Crane,0
2016-09-06,Kingsville,1,Crest Ridge,2
2016-09-06,St. Vincent,2,Crystal City,0
2016-09-06,Gideon,2,Delta (Deering),0
2016-09-06,Hillsboro,2,DeSoto,1
2016-09-06,Bloomfield,0,Dexter,2
2016-09-06,New Heights Christian,2,Diamond,1
2016-09-06,Linn,2,Dixon,0
2016-09-06,Sarcoxie,0,East Newton,2
2016-09-06,Bunker,0,Ellington,2
2016-09-06,Winona,0,Eminence,2
2016-09-06,Fatima,2,Eugene,0
2016-09-06,Sparta,1,Excelsior Springs,2
2016-09-06,Fox,0,Festus,2
2016-09-06,Conway,2,Fordland,1
2016-09-06,Oak Park,2,Fort Osage,0
2016-09-06,Francis Howell North,0,Francis Howell Central,2
2016-09-06,Arcadia Valley,2,Fredericktown,0
2016-09-06,Holt,2,Ft. Zumwalt South,0
2016-09-06,Kirksville,2,Fulton,0
2016-09-06,Willard,2,Glendale,0
2016-09-06,Sheldon,0,Golden City,2
2016-09-06,Northland Christian,0,Grain Valley,2
2016-09-06,Belton,2,Grandview,0
2016-09-06,Lamar,2,Greenfield,0
2016-09-06,St. Clair,0,Greenville,2
2016-09-06,Caruthersville,0,Hayti,2
2016-09-06,Riverview Gardens,0,Hazelwood Central,2
2016-09-06,McCluer North,1,Hazelwood West,2
2016-09-06,St. Pius X (Festus),2,Herculaneum,0
2016-09-06,Rock Bridge,0,Hermann,2
2016-09-06,Marshfield,0,Hillcrest,2
2016-09-06,East (Kansas City),1,Hogan Prep Academy Charter,2
2016-09-06,University Academy Charter,2,Hogan Prep Academy Charter,0
2016-09-06,Blue Eye,0,Hollister,2
2016-09-06,Northeast Vernon County,0,Hume,2
2016-09-06,Visitation Academy,0,Incarnate Word Academy,2
2016-09-06,Central (Cape Girardeau),0,Jackson,2
2016-09-06,Liberal,2,Jasper,0
2016-09-06,Grandview (Hillsboro),0,Jefferson (Festus),2
2016-09-06,Rolla,0,Jefferson City,2
2016-09-06,Seneca,1,Kennett,2
2016-09-06,St. Clair,2,Kingston,0
2016-09-06,Kingsville,2,La Monte,1
2016-09-06,Crest Ridge,2,La Monte,0
2016-09-06,Ritenour,0,Ladue Horton Watkins,2
2016-09-06,Boonville,2,Lafayette County,1
2016-09-06,Carl Junction,1,Lebanon,1
2016-09-06,Lee's Summit North,2,Lee's Summit,1
2016-09-06,Lawson,1,Lexington,2
2016-09-06,Ft. Zumwalt East,2,Liberty (Wentzville),0
2016-09-06,Liberty,2,Liberty North,0
2016-09-06,Miller,2,Lockwood,1
2016-09-06,Ozark,2,Logan-Rogersville,0
2016-09-06,North Platte,0,Lone Jack,2
2016-09-06,MICDS,2,Lutheran North,1
2016-09-06,Westminster Christian Academy,0,Lutheran South,2
2016-09-06,Clarkton,0,Malden,2
2016-09-06,McCluer South-Berkeley,0,McCluer,2
2016-09-06,Hazelwood East,2,McCluer,0
2016-09-06,Clayton,2,McCluer South-Berkeley,0
2016-09-06,Lesterville,2,Meadow Heights,0
2016-09-06,Nerinx Hall,2,Mehlville,0
2016-09-06,Lakeland,2,Miami (Amoret),1
2016-09-06,Pierce City,2,Monett,1
2016-09-06,McDonald County,2,Neosho,0
2016-09-06,Father Tolton,0,New Haven,2
2016-09-06,Jennings,2,Normandy Collaborative,0
2016-09-06,William Chrisman,0,North Kansas City,2
2016-09-06,Whitfield,0,Notre Dame (St. Louis),2
2016-09-06,Summit Christian Academy,0,Notre Dame de Sion,2
2016-09-06,Wellington-Napoleon,0,Oak Grove,2
2016-09-06,Zalma,0,Oak Ridge,2
2016-09-06,Holden,2,Odessa,1
2016-09-06,Clinton,0,O'Hara,2
2016-09-06,Leopold,2,Oran,0
2016-09-06,St. Charles,2,Orchard Farm,0
2016-09-06,Plattsburg,2,Orrick,0
2016-09-06,Skyline,0,Osceola,2
2016-09-06,Windsor,2,Otterville,0
2016-09-06,Raymore-Peculiar,0,Park Hill,2
2016-09-06,Bolivar,2,Parkview,0
2016-09-06,Bishop LeBlond,2,Pembroke Hill,0
2016-09-06,Windsor (Imperial),1,Perryville,2
2016-09-06,Houston,0,Plato,2
2016-09-06,Kearney,0,Platte County,2
2016-09-06,El Dorado Springs,2,Pleasant Hope,0
2016-09-06,West Plains,2,Poplar Bluff,1
2016-09-06,Summersville,0,Portageville,2
2016-09-06,Viburnum,0,Potosi,2
2016-09-06,Versailles,0,Raytown South,2
2016-09-06,Aurora,2,Reeds Spring,0
2016-09-06,Bell City,0,Risco,2
2016-09-06,Pacific,2,Rockwood Summit,1
2016-09-06,Hickman,2,Sacred Heart,1
2016-09-06,Midway,0,Santa Fe,2
2016-09-06,Brookfield,0,Savannah,2
2016-09-06,Lindbergh,2,Seckman,0
2016-09-06,Webb City,1,Seneca,2
2016-09-06,Puxico,1,Sikeston,2
2016-09-06,Nodaway-Holt,2,St. James,0
2016-09-06,Centralia,1,Southern Boone,2
2016-09-06,Campbell,2,Southland,0
2016-09-06,Galena,2,Southwest (Washburn),0
2016-09-06,School of the Ozarks,2,Union,0
2016-09-06,Fair Grove,2,Spokane,0
2016-09-06,Central (Springfield),1,Springfield Catholic,2
2016-09-06,Helias Catholic,2,St. Dominic,0
2016-09-06,Lutheran St. Charles,1,St. Joseph's Academy,2
2016-09-06,Mid-Buchanan,2,St. Joseph Christian,0
2016-09-06,Lutheran (Kansas City),1,St. Paul Lutheran (Concordia),2
2016-09-06,Savannah,0,St. Pius X (Kansas City),2
2016-09-06,Notre Dame (Cape Girardeau),2,Ste. Genevieve,1
2016-09-06,Cuba,0,Warsaw,2
2016-09-06,South Iron,0,Wright City,2
2016-09-06,Purdy,2,Thomas Jefferson Independent Day,0
2016-09-06,Francis Howell,2,Timberland,0
2016-09-06,Ft. Zumwalt West,2,Troy Buchanan,1
2016-09-06,Raytown,1,St. Charles,2
2016-09-06,Montgomery County,0,Union,2
2016-09-06,Metro,2,University City,0
2016-09-06,Springfield Catholic,0,Ursuline Academy,2
2016-09-06,John F. Kennedy,2,Valley Park,0
2016-09-06,Marionville,2,Verona,0
2016-09-06,Hallsville,0,Versailles,2
2016-09-06,John Burroughs,0,Villa Duchesne,2
2016-09-06,Winfield,2,Warrenton,0
2016-09-06,Ft. Zumwalt North,2,Washington,1
2016-09-06,Osage,1,Waynesville,2
2016-09-06,Parkway South,0,Webster Groves,2
2016-09-06,Cassville,0,Wheaton,2
2016-09-06,Doniphan,0,Willow Springs,2
2016-09-06,Saxony Lutheran,2,Woodland,0
2016-09-07,Father Tolton,1,Battle,2
2016-09-07,Harrisonville,1,Benton,2
2016-09-07,Lincoln College Prep,2,Central (Kansas City),0
2016-09-07,Lafayette (St. Joseph),0,Central (St. Joseph),2
2016-09-07,Lafayette County,0,Chillicothe,2
2016-09-07,Brentwood,2,Clayton,0
2016-09-07,Carnahan,1,Cleveland NJROTC,2
2016-09-07,Collegiate School of Med-Bio Science,1,Gateway,2
2016-09-07,Lift for Life Academy Charter,0,Hancock,2
2016-09-07,North Technical,1,Hazelwood East,2
2016-09-07,North Pemiscot,2,Holcomb,0
2016-09-07,Seckman,0,Jackson,2
2016-09-07,Lafayette (Wildwood),2,Kirkwood,0
2016-09-07,Staley,0,Lee's Summit West,2
2016-09-07,McCluer,2,McCluer South-Berkeley,0
2016-09-07,McKinley Classical Leadership,0,Metro,2
2016-09-07,Oakville,0,Nerinx Hall,2
2016-09-07,Westminster Christian Academy,2,Notre Dame (St. Louis),1
2016-09-07,Bell City,2,Oak Ridge,0
2016-09-07,Pembroke Hill,1,O'Hara,2
2016-09-07,Park Hill,0,Park Hill South,2
2016-09-07,Northwest (Cedar Hill),2,Parkway North,0
2016-09-07,Mehlville,1,Ritenour,2
2016-09-07,Jennings,1,Riverview Gardens,2
2016-09-07,Soldan International Studies,2,Roosevelt,0
2016-09-07,Otterville,0,Sacred Heart,2
2016-09-07,Valle Catholic,0,Saxony Lutheran,2
2016-09-07,Farmington,0,St. Pius X (Festus),2
2016-09-07,DeSoto,0,Ste. Genevieve,2
2016-09-07,Waynesville,2,West Plains,0
2016-09-07,Miller Career Academy,2,Transportation and Law,0
2016-09-07,Hazelwood Central,0,Trinity Catholic,2
2016-09-07,Eureka,2,Washington,0
2016-09-08,Leopold,0,Advance,2
2016-09-08,Ladue Horton Watkins,2,Affton,0
2016-09-08,Potosi,0,Arcadia Valley,2
2016-09-08,Hollister,0,Aurora,2
2016-09-08,Forsyth,2,Ava,0
2016-09-08,Crossroads College Preparatory,2,Barat Academy,0
2016-09-08,Lutheran North,2,Bayless,0
2016-09-08,Viburnum,2,Belle,0
2016-09-08,Veritas Christian Academy,2,Bishop DuBourg,0
2016-09-08,Chillicothe,1,Bishop LeBlond,2
2016-09-08,North County,0,Bismarck,2
2016-09-08,Lee's Summit West,1,Blue Springs,2
2016-09-08,Stockton,0,Bolivar,2
2016-09-08,Fulton,0,Boonville,2
2016-09-08,Union,2,Bourbon,0
2016-09-08,Eminence,2,Bunker,0
2016-09-08,Drexel,0,Butler,2
2016-09-08,Koshkonong,0,Cabool,2
2016-09-08,Bunceton,2,Calhoun,0
2016-09-08,Blair Oaks,2,California,1
2016-09-08,Kickapoo,2,Camdenton,0
2016-09-08,Hayti,0,Campbell,2
2016-09-08,Reeds Spring,0,Carthage,2
2016-09-08,Summersville,0,Caruthersville,2
2016-09-08,East Newton,2,Cassville,0
2016-09-08,Bloomfield,2,Central (Cape Girardeau),0
2016-09-08,East (Kansas City),2,Central (Kansas City),0
2016-09-08,Buffalo,0,Central (Springfield),2
2016-09-08,New Haven,2,Centralia,1
2016-09-08,Spokane,1,Clever,2
2016-09-08,Warrensburg,2,Clinton,0
2016-09-08,Houston,1,Conway,2
2016-09-08,Billings,2,Crane,0
2016-09-08,Archie,1,Crest Ridge,2
2016-09-08,Guadalupe Centers Charter,0,Cristo Rey,2
2016-09-08,Southland,0,Delta (Deering),2
2016-09-08,Perryville,2,DeSoto,0
2016-09-08,Bernie,0,Dexter,2
2016-09-08,West Platte,2,East Buchanan,0
2016-09-08,Willard,1,Eldon,2
2016-09-08,Galena,2,Exeter,0
2016-09-08,Owensville,0,Fatima,2
2016-09-08,Belton,2,Fort Osage,1
2016-09-08,Marquette,2,Fox,0
2016-09-08,Ft. Zumwalt West,0,Francis Howell,2
2016-09-08,Troy Buchanan,1,Francis Howell Central,2
2016-09-08,Timberland,2,Francis Howell North,0
2016-09-08,Ft. Zumwalt North,2,Ft. Zumwalt East,0
2016-09-08,Washington,2,Ft. Zumwalt South,0
2016-09-08,Greenfield,1,Golden City,2
2016-09-08,Liberty North,0,Grain Valley,2
2016-09-08,Herculaneum,2,Grandview (Hillsboro),0
2016-09-08,Valley,1,Greenville,2
2016-09-08,Mexico,0,Hannibal,2
2016-09-08,Holden,2,Harrisonville,0
2016-09-08,Nixa,0,Helias Catholic,2
2016-09-08,Lincoln College Prep,2,Hogan Prep Academy Charter,0
2016-09-08,Cooter,2,Holcomb,0
2016-09-08,Liberty (Wentzville),0,Holt,2
2016-09-08,Union,1,Hurley,2
2016-09-08,Verona,1,Jasper,2
2016-09-08,Visitation Academy,0,John Burroughs,2
2016-09-08,Cardinal Ritter,0,John F. Kennedy,2
2016-09-08,Rolla,0,Joplin,2
2016-09-08,Portageville,1,Kennett,2
2016-09-08,St. Paul Lutheran (Farmington),0,Kingston,2
2016-09-08,Lutheran (Kansas City),2,Kingsville,0
2016-09-08,Smithton,1,Knob Noster,2
2016-09-08,Eureka,0,Lafayette (Wildwood),2
2016-09-08,El Dorado Springs,0,Lamar,2
2016-09-08,North Platte,0,Lathrop,2
2016-09-08,Penney,0,Lawson,2
2016-09-08,Blue Springs South,2,Lee's Summit,0
2016-09-08,Raymore-Peculiar,2,Lee's Summit North,1
2016-09-08,Wentworth Military Academy,0,Lexington,2
2016-09-08,Sheldon,0,Liberal,2
2016-09-08,Oak Park,0,Liberty,2
2016-09-08,Ozark,2,Liberty (Mountain View),0
2016-09-08,Salem,1,Licking,2
2016-09-08,Mehlville,0,Lindbergh,2
2016-09-08,Ash Grove,2,Lockwood,0
2016-09-08,Branson,0,Logan-Rogersville,2
2016-09-08,Concordia,0,Lone Jack,2
2016-09-08,St. Clair,0,Malden,2
2016-09-08,Miller,0,Marionville,2
2016-09-08,Carrollton,0,Marshall,2
2016-09-08,Republic,2,Marshfield,0
2016-09-08,Lafayette (St. Joseph),1,Maryville,2
2016-09-08,Carl Junction,2,McDonald County,0
2016-09-08,Springfield Catholic,2,Metro,0
2016-09-08,Hume,2,Miami (Amoret),1
2016-09-08,Webster Groves,2,MICDS,0
2016-09-08,Plattsburg,0,Mid-Buchanan,2
2016-09-08,North Callaway,1,Montgomery County,2
2016-09-08,Pierce City,0,Mt. Vernon,2
2016-09-08,Monett,2,Neosho,0
2016-09-08,Center,0,Nevada,2
2016-09-08,Bradleyville,1,Niangua,2
2016-09-08,Southeast,0,Northeast (Kansas City),2
2016-09-08,Parkway South,0,Northwest (Cedar Hill),2
2016-09-08,Duchesne,2,Notre Dame (St. Louis),0
2016-09-08,Pleasant Hill,2,Oak Grove,0
2016-09-08,Seckman,0,Oakville,2
2016-09-08,Central (New Madrid County),0,Oran,2
2016-09-08,Warrenton,2,Orchard Farm,1
2016-09-08,Eugene,0,Osage,2
2016-09-08,Raytown,0,Park Hill South,2
2016-09-08,Hillcrest,2,Parkview,0
2016-09-08,Clayton,0,Parkway Central,2
2016-09-08,Pattonville,2,Parkway North,0
2016-09-08,Kirkwood,0,Parkway West,2
2016-09-08,Fordland,1,Plato,2
2016-09-08,Grandview,0,Platte County,2
2016-09-08,Chadwick,2,Pleasant Hope,0
2016-09-08,Sikeston,0,Poplar Bluff,2
2016-09-08,Clearwater,0,Puxico,2
2016-09-08,Gideon,1,Risco,2
2016-09-08,Pacific,2,Rockwood Summit,1
2016-09-08,North Kansas City,2,Ruskin,0
2016-09-08,Santa Fe,2,Sacred Heart,1
2016-09-08,Wheaton,2,Sarcoxie,0
2016-09-08,Cameron,1,Savannah,2
2016-09-08,North Pemiscot,1,Senath-Hornersville,2
2016-09-08,New Heights Christian,0,Seneca,2
2016-09-08,Warsaw,0,Skyline,2
2016-09-08,Rock Bridge,2,Savannah,0
2016-09-08,Benton,0,Sparta,2
2016-09-08,Winona,2,South Iron,0
2016-09-08,Diamond,2,Southwest (Washburn),0
2016-09-08,St. Charles West,0,St. Charles,2
2016-09-08,Cuba,0,St. Clair,2
2016-09-08,St. Dominic,2,St. Joseph's Academy,1
2016-09-08,O'Hara,0,St. Pius X (Kansas City),2
2016-09-08,Kearney,0,St. Teresa's Academy,2
2016-09-08,Jefferson (Festus),0,St. Vincent,2
2016-09-08,William Chrisman,0,Staley,2
2016-09-08,Mountain Grove,0,Winona,2
2016-09-08,Kirksville,2,Trenton,1
2016-09-08,Lutheran St. Charles,2,Trinity Catholic,1
2016-09-08,Central (St. Joseph),0,St. Charles,2
2016-09-08,Jennings,0,University City,2
2016-09-08,Lutheran South,1,Ursuline Academy,1
2016-09-08,Odessa,2,Versailles,0
2016-09-08,Incarnate Word Academy,0,Villa Duchesne,2
2016-09-08,Jefferson City,2,Waynesville,0
2016-09-08,Richmond,1,Wellington-Napoleon,2
2016-09-08,Fredericktown,1,West County,2
2016-09-08,Lebanon,2,West Plains,0
2016-09-08,Fair Grove,0,Willard,2
2016-09-08,Thayer,0,Willow Springs,2
2016-09-08,Festus,0,Windsor (Imperial),2
2016-09-08,Raytown South,1,Winnetonka,2
2016-09-08,Valley Park,0,Wright City,2
2016-09-08,Woodland,2,Zalma,0
2016-09-09,Parkway West,2,Affton,0
2016-09-09,Bloomfield,2,Bell City,0
2016-09-09,Holcomb,0,Bell City,2
2016-09-09,Koshkonong,0,Bradleyville,2
2016-09-09,Sarcoxie,3,Bunceton,1
2016-09-09,Woodland,2,Campbell,0
2016-09-09,Gateway,2,Carnahan,1
2016-09-09,Bismarck,2,Caruthersville,0
2016-09-09,Viburnum,2,Caruthersville,0
2016-09-09,Woodland,0,Central (Cape Girardeau),2
2016-09-09,Clearwater,1,Central (New Madrid County),1
2016-09-09,Woodland,2,Central (New Madrid County),0
2016-09-09,Everton,0,Chadwick,2
2016-09-09,Winona,2,Clarkton,0
2016-09-09,Greenville,2,Clarkton,0
2016-09-09,Collegiate School of Med-Bio Science,2,Cleveland NJROTC,0
2016-09-09,Ellington,2,Cooter,0
2016-09-09,Woodland,2,Cooter,0
2016-09-09,Puxico,2,Cooter,0
2016-09-09,Brentwood,0,Crossroads College Preparatory,2
2016-09-09,Jefferson (Festus),2,Ellington,0
2016-09-09,Saxony Lutheran,2,Eminence,0
2016-09-09,Meadow Heights,0,Eminence,2
2016-09-09,Clearwater,0,Farmington,2
2016-09-09,Senath-Hornersville,0,Farmington,2
2016-09-09,Zalma,0,Gideon,2
2016-09-09,Otterville,0,Green Ridge,2
2016-09-09,New Haven,2,Greenville,0
2016-09-09,Bayless,1,Hancock,2
2016-09-09,Viburnum,0,Hillsboro,2
2016-09-09,Richland (Essex),0,Holcomb,2
2016-09-09,School of the Ozarks,2,Hurley,1
2016-09-09,Cooter,0,Jackson,2
2016-09-09,Central (Cape Girardeau),0,Jackson,2
2016-09-09,Calvary Lutheran,2,Kennett,0
2016-09-09,Smithton,1,Knob Noster,2
2016-09-09,Lesterville,2,Leopold,0
2016-09-09,Southland,0,Leopold,2
2016-09-09,Zalma,0,Lesterville,2
2016-09-09,Gideon,1,Malden,1
2016-09-09,Southland,0,Malden,2
2016-09-09,Trinity Catholic,2,McCluer North,0
2016-09-09,Normandy Collaborative,0,McCluer South-Berkeley,2
2016-09-09,Transportation and Law,2,McKinley Classical Leadership,1
2016-09-09,Portageville,1,Meadow Heights,1
2016-09-09,Oak Ridge,0,New Haven,2
2016-09-09,Winona,0,New Haven,2
2016-09-09,Cardinal Ritter,2,Normandy Collaborative,0
2016-09-09,Kennett,0,Notre Dame (Cape Girardeau),2
2016-09-09,Notre Dame (Cape Girardeau),2,Oran,0
2016-09-09,Puxico,1,Oran,1
2016-09-09,Calvary Lutheran,2,Oran,0
2016-09-09,Notre Dame (Cape Girardeau),2,Poplar Bluff,0
2016-09-09,Puxico,0,Poplar Bluff,2
2016-09-09,Saxony Lutheran,2,Portageville,0
2016-09-09,Seneca,0,Portageville,2
2016-09-09,Kennett,1,Puxico,1
2016-09-09,South Iron,2,Richland (Essex),0
2016-09-09,Waynesville,0,Roosevelt,2
2016-09-09,Summersville,2,Seneca,0
2016-09-09,Bloomfield,1,Seckman,1
2016-09-09,South Iron,0,Seckman,2
2016-09-09,Campbell,0,Senath-Hornersville,2
2016-09-09,Bismarck,2,Sikeston,0
2016-09-09,Saxony Lutheran,2,Summersville,0
2016-09-09,Licking,0,Wright City,2
2016-09-09,Metro,2,West Plains,0
2016-09-09,Winona,2,St. Clair,0
2016-09-09,Oak Ridge,0,St. Clair,2
2016-09-09,Hazelwood East,2,University City,0
2016-09-09,Maplewood-Richmond Hts.,2,Valley Park,0
2016-09-09,MICDS,2,Whitfield,0
2016-09-10,Ste. Genevieve,1,Arcadia Valley,1
2016-09-10,Windsor (Imperial),2,Arcadia Valley,0
2016-09-10,Kingsville,2,Archie,0
2016-09-10,Versailles,1,Archie,1
2016-09-10,Wheaton,1,Ash Grove,1
2016-09-10,New Heights Christian,0,Ash Grove,2
2016-09-10,Pierce City,0,Ash Grove,2
2016-09-10,Billings,1,Ash Grove,2
2016-09-10,Fair Grove,2,Ash Grove,1
2016-09-10,Willow Springs,2,Ava,0
2016-09-10,Plato,2,Ava,0
2016-09-10,Mountain Grove,2,Ava,0
2016-09-10,Doniphan,1,Ava,1
2016-09-10,Brentwood,2,Bayless,0
2016-09-10,Francis Howell North,2,Bayless,0
2016-09-10,Lutheran North,2,Bayless,0
2016-09-10,Viburnum,2,Bell City,1
2016-09-10,South Iron,0,Bell City,2
2016-09-10,Miller,2,Billings,0
2016-09-10,Fair Grove,2,Billings,0
2016-09-10,New Haven,2,Bismarck,1
2016-09-10,Wright City,0,Blair Oaks,2
2016-09-10,Houston,0,Blair Oaks,2
2016-09-10,West Plains,0,Blair Oaks,2
2016-09-10,Liberty (Mountain View),0,Blair Oaks,2
2016-09-10,Notre Dame (Cape Girardeau),2,Bloomfield,0
2016-09-10,Richland (Essex),0,Bloomfield,2
2016-09-10,Lafayette (Wildwood),1,Blue Springs,2
2016-09-10,Blue Springs South,2,Blue Springs,0
2016-09-10,St. James,2,Blue Springs,0
2016-09-10,Crane,0,Bolivar,2
2016-09-10,Conway,0,Bolivar,2
2016-09-10,Sarcoxie,1,Bolivar,1
2016-09-10,Stockton,0,Bolivar,2
2016-09-10,Herculaneum,2,Bourbon,0
2016-09-10,Cuba,2,Bourbon,0
2016-09-10,Fulton,0,Bowling Green,2
2016-09-10,Eldon,1,Bowling Green,1
2016-09-10,Owensville,2,Bowling Green,0
2016-09-10,Versailles,2,Bowling Green,0
2016-09-10,Lutheran North,2,Brentwood,0
2016-09-10,Gateway,0,Brentwood,2
2016-09-10,Francis Howell North,2,Brentwood,0
2016-09-10,McAuley Catholic,1,Bronaugh,1
2016-09-10,Exeter,2,Bronaugh,0
2016-09-10,Thomas Jefferson Independent Day,2,Bronaugh,1
2016-09-10,Excelsior Springs,2,Brookfield,0
2016-09-10,Richmond,2,Brookfield,0
2016-09-10,Bolivar,2,Buffalo,1
2016-09-10,Stockton,1,Buffalo,1
2016-09-10,Sarcoxie,1,Buffalo,2
2016-09-10,Lincoln,0,Buffalo,2
2016-09-10,Licking,2,Bunker,0
2016-09-10,Thayer,2,Bunker,0
2016-09-10,Licking,0,Cabool,2
2016-09-10,Plato,1,Cabool,2
2016-09-10,Mountain Grove,2,Cabool,0
2016-09-10,Bunker,0,Cabool,2
2016-09-10,Salem,0,Cabool,2
2016-09-10,Thayer,0,Cabool,2
2016-09-10,Sacred Heart,0,Camdenton,2
2016-09-10,Waynesville,0,Camdenton,2
2016-09-10,Willard,1,Camdenton,1
2016-09-10,Joplin,2,Camdenton,0
2016-09-10,Central (Springfield),2,Camdenton,0
2016-09-10,Jefferson City,2,Camdenton,1
2016-09-10,Wellington-Napoleon,2,Cameron,0
2016-09-10,North Platte,1,Cameron,1
2016-09-10,Sparta,1,Cameron,1
2016-09-10,Plattsburg,2,Cameron,0
2016-09-10,Clearwater,2,Campbell,0
2016-09-10,Southland,0,Campbell,2
2016-09-10,Seneca,2,Campbell,1
2016-09-10,Lee's Summit West,2,Carl Junction,1
2016-09-10,Raytown South,0,Carl Junction,2
2016-09-10,Bishop LeBlond,2,Carrollton,0
2016-09-10,Lawson,2,Carrollton,0
2016-09-10,Penney,0,Carrollton,2
2016-09-10,Jackson,2,Caruthersville,0
2016-09-10,Holcomb,1,Caruthersville,2
2016-09-10,Puxico,2,Caruthersville,0
2016-09-10,William Chrisman,2,Center,0
2016-09-10,Grandview,2,Center,0
2016-09-10,Raytown South,2,Center,0
2016-09-10,Ellington,1,Central (Cape Girardeau),1
2016-09-10,Central (New Madrid County),2,Central (Cape Girardeau),1
2016-09-10,Calvary Lutheran,2,Central (Cape Girardeau),0
2016-09-10,South Iron,1,Central (Cape Girardeau),2
2016-09-10,Gideon,2,Central (New Madrid County),0
2016-09-10,Meadow Heights,0,Central (New Madrid County),2
2016-09-10,Windsor (Imperial),2,Central (Park Hills),0
2016-09-10,Sacred Heart,1,Central (Springfield),1
2016-09-10,Willard,2,Central (Springfield),0
2016-09-10,Clever,2,Central (Springfield),0
2016-09-10,William Chrisman,1,Central (St. Joseph),1
2016-09-10,Center,0,Central (St. Joseph),2
2016-09-10,Grandview,0,Central (St. Joseph),2
2016-09-10,Odessa,0,Central (St. Joseph),2
2016-09-10,East (Kansas City),1,Central (St. Joseph),1
2016-09-10,Carl Junction,2,Central (St. Joseph),0
2016-09-10,Excelsior Springs,0,Chillicothe,2
2016-09-10,Brookfield,0,Chillicothe,2
2016-09-10,Richmond,1,Chillicothe,1
2016-09-10,Lawson,0,Chillicothe,2
2016-09-10,Kennett,2,Clarkton,0
2016-09-10,Oak Ridge,2,Clarkton,0
2016-09-10,Leopold,2,Clearwater,0
2016-09-10,Ellington,2,Clearwater,0
2016-09-10,Crane,1,Conway,1
2016-09-10,Sarcoxie,1,Conway,1
2016-09-10,Puxico,2,Cooter,0
2016-09-10,Sarcoxie,2,Crane,0
2016-09-10,Lincoln,0,Crane,2
2016-09-10,Warsaw,2,Crystal City,0
2016-09-10,Herculaneum,2,Cuba,0
2016-09-10,Webb City,2,DeSoto,0
2016-09-10,Festus,2,DeSoto,0
2016-09-10,North County,1,DeSoto,1
2016-09-10,Willow Springs,2,Doniphan,0
2016-09-10,Plato,2,Doniphan,0
2016-09-10,Mountain Grove,2,Doniphan,0
2016-09-10,Mid-Buchanan,2,East Buchanan,1
2016-09-10,Orrick,0,East Buchanan,2
2016-09-10,Wellington-Napoleon,1,East Buchanan,1
2016-09-10,Sparta,2,East Buchanan,0
2016-09-10,Versailles,1,Eldon,2
2016-09-10,Seneca,0,Eminence,2
2016-09-10,Platte County,0,Eureka,2
2016-09-10,Raymore-Peculiar,0,Eureka,2
2016-09-10,Liberty North,0,Eureka,2
2016-09-10,Winnetonka,0,Eureka,2
2016-09-10,St. Pius X (Kansas City),0,Eureka,2
2016-09-10,St. Charles,0,Eureka,2
2016-09-10,Richmond,0,Excelsior Springs,2
2016-09-10,Bishop LeBlond,1,Excelsior Springs,2
2016-09-10,Pleasant Hope,2,Exeter,0
2016-09-10,McAuley Catholic,2,Exeter,0
2016-09-10,Sheldon,0,Exeter,2
2016-09-10,Miller,0,Fair Grove,2
2016-09-10,Wheaton,0,Fair Grove,2
2016-09-10,New Heights Christian,0,Fair Grove,2
2016-09-10,Lesterville,2,Farmington,0
2016-09-10,Seckman,0,Farmington,2
2016-09-10,Saxony Lutheran,0,Farmington,2
2016-09-10,Woodland,0,Farmington,2
2016-09-10,Hillsboro,1,Farmington,2
2016-09-10,Nixa,2,Fatima,1
2016-09-10,Central (Park Hills),0,Festus,2
2016-09-10,Arcadia Valley,2,Festus,0
2016-09-10,Ste. Genevieve,2,Festus,0
2016-09-10,Staley,2,Fort Osage,0
2016-09-10,Northland Christian,2,Fort Osage,0
2016-09-10,Lutheran North,0,Francis Howell North,2
2016-09-10,Central (Park Hills),1,Fredericktown,1
2016-09-10,Webb City,2,Fredericktown,1
2016-09-10,Windsor,2,Fredericktown,0
2016-09-10,Windsor (Imperial),2,Fredericktown,0
2016-09-10,California,2,Fulton,0
2016-09-10,Owensville,1,Fulton,1
2016-09-10,Eldon,2,Fulton,0
2016-09-10,Leopold,1,Gideon,1
2016-09-10,Greenville,0,Gideon,2
2016-09-10,Calvary Lutheran,2,Gideon,1
2016-09-10,Fatima,1,Glendale,2
2016-09-10,Kickapoo,2,Glendale,0
2016-09-10,Nixa,2,Glendale,0
2016-09-10,Oak Park,0,Glendale,2
2016-09-10,Webster Groves,2,Glendale,0
2016-09-10,Herculaneum,2,Grandview (Hillsboro),0
2016-09-10,St. James,0,Grandview (Hillsboro),2
2016-09-10,Crystal City,0,Grandview (Hillsboro),2
2016-09-10,Warsaw,0,Grandview (Hillsboro),2
2016-09-10,Meadow Heights,0,Greenville,2
2016-09-10,Raytown South,0,Harrisonville,2
2016-09-10,Odessa,2,Harrisonville,0
2016-09-10,Clever,0,Hillcrest,2
2016-09-10,Holden,0,Hillcrest,2
2016-09-10,Willard,2,Hillcrest,0
2016-09-10,Bismarck,0,Hillsboro,2
2016-09-10,Bloomfield,2,Hillsboro,1
2016-09-10,Jefferson (Festus),0,Hillsboro,2
2016-09-10,Lone Jack,2,Hogan Prep Academy Charter,0
2016-09-10,Sherwood,2,Hogan Prep Academy Charter,0
2016-09-10,Sacred Heart,2,Holden,0
2016-09-10,Clever,1,Holden,1
2016-09-10,Wright City,0,Houston,2
2016-09-10,New Haven,2,Jackson,1
2016-09-10,Kennett,1,Jackson,2
2016-09-10,Jefferson (Festus),1,Jackson,1
2016-09-10,Eminence,1,Jackson,2
2016-09-10,Woodland,0,Jackson,2
2016-09-10,Seneca,1,Jackson,2
2016-09-10,Senath-Hornersville,0,Jackson,2
2016-09-10,Richland (Essex),1,Jackson,2
2016-09-10,Joplin,0,Jefferson City,2
2016-09-10,Willard,2,Jefferson City,0
2016-09-10,Hillcrest,2,Jefferson City,0
2016-09-10,Clever,1,Jefferson City,1
2016-09-10,Holden,1,Jefferson City,1
2016-09-10,Clever,2,Joplin,0
2016-09-10,Holden,0,Joplin,2
2016-09-10,Hillcrest,1,Joplin,1
2016-09-10,Waynesville,0,Joplin,2
2016-09-10,Sacred Heart,0,Joplin,2
2016-09-10,Northland Christian,0,Kearney,2
2016-09-10,Fatima,0,Kickapoo,2
2016-09-10,Nixa,1,Kickapoo,2
2016-09-10,Webster Groves,0,Kickapoo,2
2016-09-10,Oak Park,0,Kickapoo,2
2016-09-10,Sherwood,2,Kingsville,1
2016-09-10,Versailles,2,Kirksville,0
2016-09-10,Savannah,1,Kirksville,1
2016-09-10,California,2,Kirksville,0
2016-09-10,Eldon,2,Kirksville,0
2016-09-10,Mehlville,2,Ladue Horton Watkins,0
2016-09-10,Parkway Central,2,Ladue Horton Watkins,0
2016-09-10,Northwest (Cedar Hill),1,Ladue Horton Watkins,1
2016-09-10,Westminster Christian Academy,1,Ladue Horton Watkins,1
2016-09-10,Mid-Buchanan,2,Lathrop,0
2016-09-10,Orrick,0,Lathrop,2
2016-09-10,North Platte,0,Lathrop,2
2016-09-10,Plattsburg,1,Lathrop,1
2016-09-10,Bishop LeBlond,1,Lawson,1
2016-09-10,Penney,0,Lawson,2
2016-09-10,Portageville,0,Leopold,2
2016-09-10,Viburnum,2,Leopold,0
2016-09-10,Notre Dame (Cape Girardeau),2,Lesterville,0
2016-09-10,Winona,1,Lesterville,2
2016-09-10,Wright City,0,Liberty,2
2016-09-10,Wright City,0,Liberty (Mountain View),2
2016-09-10,Thayer,0,Licking,2
2016-09-10,Plato,2,Licking,1
2016-09-10,Stockton,2,Lincoln,0
2016-09-10,Platte County,2,Lincoln College Prep,0
2016-09-10,St. Pius X (Kansas City),2,Lincoln College Prep,0
2016-09-10,St. Charles,2,Lincoln College Prep,0
2016-09-10,Parkway North,2,Lincoln College Prep,0
2016-09-10,Sherwood,0,Lone Jack,2
2016-09-10,Lesterville,1,Malden,1
2016-09-10,Woodland,2,Malden,1
2016-09-10,Eminence,2,Malden,0
2016-09-10,Rock Bridge,0,Marquette,2
2016-09-10,Rockwood Summit,2,Marquette,0
2016-09-10,Union,0,Marquette,2
2016-09-10,Parkway South,0,Marquette,2
2016-09-10,Northwest (Cedar Hill),0,Marquette,2
2016-09-10,Visitation Academy,2,McCluer North,0
2016-09-10,Summersville,0,Meadow Heights,2
2016-09-10,Rock Bridge,1,Mehlville,2
2016-09-10,Parkway Central,1,Mehlville,1
2016-09-10,Westminster Christian Academy,1,Mehlville,1
2016-09-10,Northwest (Cedar Hill),2,Mehlville,0
2016-09-10,Orchard Farm,1,Metro,2
2016-09-10,Wright City,0,Metro,2
2016-09-10,Liberty (Wentzville),2,Metro,0
2016-09-10,North Technical,0,Metro,2
2016-09-10,Plattsburg,0,Mid-Buchanan,2
2016-09-10,Sparta,2,Mid-Buchanan,1
2016-09-10,Pierce City,2,Miller,0
2016-09-10,Billings,2,Monett,0
2016-09-10,Miller,2,Monett,0
2016-09-10,Wheaton,2,Monett,0
2016-09-10,Fair Grove,2,Monett,0
2016-09-10,Willow Springs,1,Mountain Grove,1
2016-09-10,Plato,1,Mountain Grove,1
2016-09-10,Winona,0,New Haven,2
2016-09-10,Notre Dame (Cape Girardeau),0,New Haven,2
2016-09-10,Webb City,1,North County,1
2016-09-10,Arcadia Valley,2,North County,0
2016-09-10,Staley,2,North Kansas City,0
2016-09-10,Fort Osage,1,North Kansas City,1
2016-09-10,Winnetonka,2,North Kansas City,0
2016-09-10,Liberty North,1,North Kansas City,2
2016-09-10,Northland Christian,2,North Kansas City,1
2016-09-10,Orrick,2,North Platte,1
2016-09-10,Sparta,2,North Platte,0
2016-09-10,Liberty (Wentzville),2,North Technical,0
2016-09-10,Orchard Farm,2,North Technical,0
2016-09-10,Wright City,2,North Technical,0
2016-09-10,Parkway Central,0,Northwest (Cedar Hill),2
2016-09-10,Westminster Christian Academy,0,Northwest (Cedar Hill),2
2016-09-10,Jefferson (Festus),0,Notre Dame (Cape Girardeau),2
2016-09-10,Fatima,2,Oak Park,1
2016-09-10,Nixa,2,Oak Park,0
2016-09-10,Webster Groves,2,Oak Park,0
2016-09-10,Seneca,2,Oak Ridge,1
2016-09-10,Raytown South,0,Odessa,2
2016-09-10,East (Kansas City),0,O'Hara,2
2016-09-10,Notre Dame (Cape Girardeau),2,Oran,0
2016-09-10,Viburnum,2,Oran,1
2016-09-10,Liberty (Wentzville),2,Orchard Farm,0
2016-09-10,Wright City,2,Orchard Farm,1
2016-09-10,Wellington-Napoleon,1,Orrick,1
2016-09-10,Eldon,2,Owensville,0
2016-09-10,Savannah,2,Owensville,0
2016-09-10,Kearney,2,Park Hill,0
2016-09-10,Northland Christian,0,Park Hill,2
2016-09-10,St. Pius X (Kansas City),2,Park Hill,0
2016-09-10,Staley,0,Park Hill,2
2016-09-10,Rockwood Summit,2,Parkway Central,0
2016-09-10,Westminster Christian Academy,0,Parkway Central,2
2016-09-10,Liberty North,2,Parkway North,0
2016-09-10,St. Pius X (Kansas City),2,Parkway North,0
2016-09-10,St. Charles,2,Parkway North,0
2016-09-10,Lincoln,0,Parkway North,2
2016-09-10,Rock Bridge,2,Parkway South,0
2016-09-10,Rockwood Summit,2,Parkway South,0
2016-09-10,Union,1,Parkway South,1
2016-09-10,Bishop LeBlond,2,Penney,0
2016-09-10,Wheaton,2,Pierce City,0
2016-09-10,New Heights Christian,0,Pierce City,2
2016-09-10,Willow Springs,2,Plato,0
2016-09-10,Liberty North,1,Platte County,1
2016-09-10,Raymore-Peculiar,1,Platte County,1
2016-09-10,Northland Christian,2,Platte County,0
2016-09-10,Wellington-Napoleon,2,Plattsburg,0
2016-09-10,Thomas Jefferson Independent Day,0,Pleasant Hope,2
2016-09-10,Sheldon,0,Pleasant Hope,2
2016-09-10,McAuley Catholic,1,Pleasant Hope,2
2016-09-10,Calvary Lutheran,2,Poplar Bluff,0
2016-09-10,New Haven,2,Poplar Bluff,0
2016-09-10,Seckman,2,Poplar Bluff,0
2016-09-10,Seneca,0,Portageville,2
2016-09-10,Ellington,0,Portageville,2
2016-09-10,Saxony Lutheran,2,Portageville,0
2016-09-10,Kennett,1,Puxico,1
2016-09-10,Seneca,2,Puxico,1
2016-09-10,Liberty North,0,Raymore-Peculiar,2
2016-09-10,St. Pius X (Kansas City),2,Raymore-Peculiar,1
2016-09-10,William Chrisman,1,Raytown,2
2016-09-10,O'Hara,1,Raytown,1
2016-09-10,Grandview,0,Raytown South,2
2016-09-10,O'Hara,1,Raytown South,1
2016-09-10,Rock Bridge,0,Rockwood Summit,2
2016-09-10,Union,0,Rockwood Summit,2
2016-09-10,Liberty (Mountain View),2,Rolla,0
2016-09-10,Wright City,2,Rolla,0
2016-09-10,Licking,2,Salem,0
2016-09-10,Bunker,0,Salem,2
2016-09-10,Thayer,0,Salem,2
2016-09-10,Mountain Grove,2,Salem,0
2016-09-10,Stockton,0,Sarcoxie,2
2016-09-10,Versailles,1,Savannah,1
2016-09-10,California,2,Savannah,0
2016-09-10,Eldon,2,Savannah,1
2016-09-10,Holcomb,0,Seckman,2
2016-09-10,Bismarck,2,Seckman,0
2016-09-10,Eminence,0,Seckman,2
2016-09-10,Central (New Madrid County),1,Senath-Hornersville,1
2016-09-10,Zalma,0,Senath-Hornersville,2
2016-09-10,Woodland,0,Senath-Hornersville,2
2016-09-10,Thomas Jefferson Independent Day,2,Sheldon,0
2016-09-10,Viburnum,0,Sikeston,2
2016-09-10,South Iron,0,Sikeston,2
2016-09-10,Calvary Lutheran,2,Sikeston,0
2016-09-10,Woodland,2,Summersville,1
2016-09-10,Zalma,1,Southland,1
2016-09-10,Herculaneum,2,St. James,0
2016-09-10,Bourbon,0,St. James,2
2016-09-10,Cuba,0,St. James,2
2016-09-10,Windsor (Imperial),2,Ste. Genevieve,0
2016-09-10,Herculaneum,0,Warsaw,2
2016-09-10,Cuba,2,Warsaw,1
2016-09-10,Ste. Genevieve,2,Webb City,0
2016-09-10,McAuley Catholic,2,Thomas Jefferson Independent Day,1
2016-09-10,Orrick,2,Trenton,0
2016-09-10,North Platte,0,Trenton,2
2016-09-10,Sparta,2,Trenton,0
2016-09-10,Cameron,2,Trenton,0
2016-09-10,Lathrop,2,Trenton,0
2016-09-10,St. Pius X (Kansas City),1,St. Charles,1
2016-09-10,Central (New Madrid County),0,St. Clair,2
2016-09-10,Oran,2,St. Clair,1
2016-09-10,Ellington,1,St. Clair,2
2016-09-10,Bell City,1,St. Clair,2
2016-09-10,Greenville,0,St. Clair,2
2016-09-10,Rock Bridge,2,Union,0
2016-09-10,Westminster Christian Academy,2,Union,0
2016-09-10,Kingsville,2,Versailles,0
2016-09-10,California,2,Versailles,0
2016-09-10,Calvary Lutheran,2,Viburnum,0
2016-09-10,Veritas Christian Academy,2,Visitation Academy,0
2016-09-10,Sacred Heart,1,Waynesville,1
2016-09-10,Central (Springfield),2,Waynesville,0
2016-09-10,Willard,2,Waynesville,0
2016-09-10,Wright City,2,Webb City,1
2016-09-10,Fatima,0,Webster Groves,2
2016-09-10,Nixa,2,Webster Groves,0
2016-09-10,Houston,0,West Plains,2
2016-09-10,Liberty (Mountain View),2,West Plains,0
2016-09-10,Wright City,1,West Plains,1
2016-09-10,New Heights Christian,0,Wheaton,2
2016-09-10,Sacred Heart,0,Willard,2
2016-09-10,Grandview,0,William Chrisman,2
2016-09-10,O'Hara,2,William Chrisman,0
2016-09-10,Fort Osage,0,Winnetonka,2
2016-09-10,Staley,2,Winnetonka,0
2016-09-10,Kearney,1,Winnetonka,2
2016-09-10,Saxony Lutheran,1,Winona,2
2016-09-10,Liberty (Wentzville),2,Wright City,0
2016-09-11,Jennings,0,McCluer,2
2016-09-12,Lamar,0,Adrian,2
2016-09-12,Notre Dame (Cape Girardeau),2,Advance,1
2016-09-12,Crossroads College Preparatory,0,Affton,2
2016-09-12,Chillicothe,2,Benton,0
2016-09-12,Poplar Bluff,0,Bernie,2
2016-09-12,Valley Park,0,Bishop DuBourg,2
2016-09-12,Sikeston,0,Bloomfield,2
2016-09-12,Eldon,2,Boonville,0
2016-09-12,Hillcrest,2,Branson,0
2016-09-12,Niangua,0,Cabool,2
2016-09-12,Southern Boone,0,Camdenton,2
2016-09-12,Northeast (Kansas City),0,Central (Kansas City),2
2016-09-12,Summersville,0,Central (New Madrid County),2
2016-09-12,Lee's Summit West,2,Central (St. Joseph),0
2016-09-12,California,2,Centralia,0
2016-09-12,Spokane,1,Chadwick,2
2016-09-12,Charleston,0,Clarkton,2
2016-09-12,Hayti,2,Cooter,0
2016-09-12,East (Kansas City),1,Cristo Rey,2
2016-09-12,Fredericktown,2,Crystal City,0
2016-09-12,Union,2,Cuba,0
2016-09-12,Springfield Catholic,0,Duchesne,2
2016-09-12,St. Joseph Christian,0,East Buchanan,2
2016-09-12,Carthage,2,East Newton,0
2016-09-12,Willow Springs,0,Eminence,2
2016-09-12,Jasper,2,Everton,0
2016-09-12,Pleasant Hope,2,Exeter,0
2016-09-12,Roosevelt,0,Gateway,2
2016-09-12,St. Clair,0,Grandview (Hillsboro),2
2016-09-12,Osceola,2,Green Ridge,0
2016-09-12,Hickman,0,Hermann,2
2016-09-12,Perryville,1,Hillsboro,2
2016-09-12,Bronaugh,2,Hume,0
2016-09-12,Central (Park Hills),0,Jackson,2
2016-09-12,Lebanon,1,Jefferson City,2
2016-09-12,McCluer,2,Jennings,0
2016-09-12,Concordia,2,Kingsville,0
2016-09-12,Richmond,0,Lawson,2
2016-09-12,Park Hill South,2,Lee's Summit,0
2016-09-12,Sparta,2,Liberty North,0
2016-09-12,St. James,2,Licking,1
2016-09-12,Southeast,0,Lincoln College Prep,2
2016-09-12,Eugene,2,Linn,0
2016-09-12,Miami (Amoret),0,Lone Jack,2
2016-09-12,Risco,2,Malden,1
2016-09-12,Pierce City,1,Marionville,2
2016-09-12,Liberal,2,McAuley Catholic,0
2016-09-12,McCluer North,2,McCluer,0
2016-09-12,Leopold,2,Meadow Heights,0
2016-09-12,Carnahan,0,Metro,2
2016-09-12,Fulton,1,Mexico,2
2016-09-12,Lutheran (Kansas City),2,Midway,1
2016-09-12,Calvary Lutheran,2,Missouri School for the Deaf,0
2016-09-12,Ash Grove,0,Mt. Vernon,2
2016-09-12,Seneca,2,Neosho,0
2016-09-12,Sarcoxie,1,North Callaway,2
2016-09-12,Delta (Deering),0,North Pemiscot,2
2016-09-12,St. James,1,North Platte,2
2016-09-12,Knob Noster,0,Oak Grove,2
2016-09-12,Veritas Christian Academy,2,Orchard Farm,0
2016-09-12,Buffalo,2,Osage,0
2016-09-12,Lincoln,0,Otterville,2
2016-09-12,Montgomery County,0,Owensville,2
2016-09-12,Incarnate Word Academy,2,Pattonville,0
2016-09-12,Dixon,0,Plato,2
2016-09-12,St. Pius X (Kansas City),0,Pleasant Hill,2
2016-09-12,St. Clair,2,Portageville,0
2016-09-12,Webb City,0,Potosi,2
2016-09-12,Fatima,2,Rock Bridge,1
2016-09-12,Oak Ridge,0,Saxony Lutheran,2
2016-09-12,Gideon,2,Senath-Hornersville,0
2016-09-12,Thomas Jefferson Independent Day,2,Sheldon,1
2016-09-12,Confluence Prep Academy Charter,0,Soldan International Studies,2
2016-09-12,McKinley Classical Leadership,0,Soldan International Studies,2
2016-09-12,Blue Eye,2,Southwest (Washburn),1
2016-09-12,Conway,0,Springfield Catholic,2
2016-09-12,Villa Duchesne,0,St. Joseph's Academy,2
2016-09-12,Bunceton,2,Willard,0
2016-09-12,Marshfield,0,Winona,2
2016-09-12,Cleveland NJROTC,2,West Plains,0
2016-09-12,Collegiate School of Med-Bio Science,0,Transportation and Law,2
2016-09-12,Ritenour,2,University City,0
2016-09-12,St. Vincent,0,Valle Catholic,2
2016-09-12,Miller Career Academy,2,Waynesville,0
2016-09-12,Cole Camp,0,Versailles,2
2016-09-12,Westminster Christian Academy,2,Visitation Academy,0
2016-09-12,Northwest (Hughesville),2,Wentworth Military Academy,0
2016-09-12,Jefferson (Festus),2,West County,0
2016-09-12,Northland Christian,2,West Platte,0
2016-09-12,Lutheran St. Charles,2,Whitfield,0
2016-09-12,Lebanon,0,Willard,2
2016-09-12,St. Charles West,0,Winfield,2
2016-09-12,Dexter,2,Woodland,0
2016-09-12,Warrenton,2,Wright City,1
2016-09-13,Miami (Amoret),0,Archie,2
2016-09-13,Chilhowee,0,Ballard,2
2016-09-13,Orchard Farm,2,Barat Academy,0
2016-09-13,Maplewood-Richmond Hts.,0,Bayless,2
2016-09-13,Puxico,0,Bell City,2
2016-09-13,Pembroke Hill,2,Benton,0
2016-09-13,Sparta,0,Bishop LeBlond,2
2016-09-13,Centralia,0,Blair Oaks,2
2016-09-13,Lee's Summit,1,Blue Springs,2
2016-09-13,Raytown,0,Blue Springs South,2
2016-09-13,Neosho,0,Branson,2
2016-09-13,Hancock,2,Brentwood,1
2016-09-13,Calhoun,0,Bunceton,2
2016-09-13,Mountain Grove,2,Cabool,0
2016-09-13,Trinity Catholic,2,Cardinal Ritter,0
2016-09-13,Webb City,0,Carl Junction,2
2016-09-13,Portageville,2,Caruthersville,1
2016-09-13,Versailles,2,Center,0
2016-09-13,St. Clair,2,Charleston,1
2016-09-13,Cameron,0,Chillicothe,2
2016-09-13,Holcomb,1,Clarkton,2
2016-09-13,Lincoln,0,Cole Camp,2
2016-09-13,Soldan International Studies,2,Confluence Prep Academy Charter,0
2016-09-13,Gideon,2,Cooter,0
2016-09-13,Seneca,2,Crane,0
2016-09-13,Hayti,2,Delta (Deering),0
2016-09-13,Farmington,2,DeSoto,1
2016-09-13,Richland (Essex),0,Dexter,2
2016-09-13,Liberal,2,Diamond,0
2016-09-13,Clearwater,1,Doniphan,2
2016-09-13,Wheaton,1,East Newton,2
2016-09-13,Bolivar,2,El Dorado Springs,0
2016-09-13,Parkway South,0,Eureka,2
2016-09-13,Odessa,2,Excelsior Springs,1
2016-09-13,Springfield Catholic,0,Fair Grove,2
2016-09-13,Montgomery County,0,Father Tolton,2
2016-09-13,School of the Ozarks,0,Fordland,2
2016-09-13,Ruskin,0,Fort Osage,2
2016-09-13,Francis Howell North,0,Francis Howell,2
2016-09-13,Valle Catholic,2,Fredericktown,0
2016-09-13,Holt,2,Ft. Zumwalt East,1
2016-09-13,Ft. Zumwalt South,0,Ft. Zumwalt North,2
2016-09-13,Francis Howell Central,1,Ft. Zumwalt West,2
2016-09-13,Clever,2,Galena,0
2016-09-13,Logan-Rogersville,2,Glendale,0
2016-09-13,Winnetonka,2,Grandview,0
2016-09-13,Sacred Heart,2,Green Ridge,1
2016-09-13,Eugene,1,Hallsville,2
2016-09-13,Boonville,0,Hannibal,2
2016-09-13,Grain Valley,2,Harrisonville,0
2016-09-13,Hazelwood West,0,Hazelwood Central,2
2016-09-13,Riverview Gardens,0,Hazelwood East,2
2016-09-13,Crystal City,1,Herculaneum,2
2016-09-13,St. James,0,Hermann,2
2016-09-13,St. Paul Lutheran (Concordia),2,Hickman,1
2016-09-13,Windsor (Imperial),2,Hillsboro,0
2016-09-13,Marionville,1,Hollister,2
2016-09-13,Liberty (Mountain View),2,Houston,0
2016-09-13,Sarcoxie,2,Jasper,0
2016-09-13,Arcadia Valley,2,Jefferson (Festus),0
2016-09-13,Battle,1,Jefferson City,2
2016-09-13,Bishop DuBourg,0,John F. Kennedy,2
2016-09-13,McDonald County,1,Joplin,2
2016-09-13,Senath-Hornersville,2,Kennett,1
2016-09-13,Warsaw,2,Kingston,0
2016-09-13,Mexico,2,Kirksville,0
2016-09-13,Parkway North,0,Kirkwood,2
2016-09-13,Holden,2,Knob Noster,0
2016-09-13,Cor Jesu Academy,0,Lafayette (Wildwood),2
2016-09-13,Carrollton,2,Lafayette County,1
2016-09-13,Chilhowee,0,Lakeland,2
2016-09-13,Ballard,0,Lakeland,2
2016-09-13,Bismarck,2,Lesterville,0
2016-09-13,Washington,2,Liberty (Wentzville),1
2016-09-13,St. Charles,2,Liberty North,0
2016-09-13,Ladue Horton Watkins,0,Lindbergh,2
2016-09-13,Belle,0,Linn,2
2016-09-13,Golden City,2,Lockwood,1
2016-09-13,Concordia,0,Lutheran (Kansas City),2
2016-09-13,Bernie,0,Malden,2
2016-09-13,Aurora,2,Marshfield,0
2016-09-13,Thomas Jefferson Independent Day,2,McAuley Catholic,1
2016-09-13,McCluer,0,McCluer North,2
2016-09-13,Advance,2,Meadow Heights,0
2016-09-13,Marquette,2,Mehlville,0
2016-09-13,Lutheran South,2,MICDS,0
2016-09-13,Lafayette (St. Joseph),0,Mid-Buchanan,2
2016-09-13,Greenfield,0,Miller,2
2016-09-13,Clinton,0,Nevada,2
2016-09-13,Pierce City,1,New Heights Christian,2
2016-09-13,Willard,1,Nixa,2
2016-09-13,Chamois,0,North Callaway,3
2016-09-13,Staley,1,North Kansas City,2
2016-09-13,Oakville,0,Northwest (Cedar Hill),2
2016-09-13,La Monte,0,Northwest (Hughesville),2
2016-09-13,Poplar Bluff,0,Notre Dame (Cape Girardeau),2
2016-09-13,Greenville,2,Oak Ridge,0
2016-09-13,Lawson,2,Orrick,0
2016-09-13,Calvary Lutheran,2,Otterville,0
2016-09-13,New Haven,2,Owensville,0
2016-09-13,Carthage,0,Ozark,2
2016-09-13,St. Clair,0,Pacific,2
2016-09-13,Lee's Summit North,2,Park Hill,0
2016-09-13,Liberty,0,Park Hill South,2
2016-09-13,Webster Groves,2,Parkway Central,1
2016-09-13,Ursuline Academy,2,Parkway West,0
2016-09-13,St. James,0,Plattsburg,2
2016-09-13,John Burroughs,2,Principia,0
2016-09-13,Exeter,0,Purdy,2
2016-09-13,Lee's Summit West,2,Raymore-Peculiar,1
2016-09-13,Kearney,2,Raytown South,1
2016-09-13,Cassville,0,Reeds Spring,2
2016-09-13,Parkview,0,Republic,2
2016-09-13,Lexington,2,Richmond,0
2016-09-13,Southland,0,Risco,2
2016-09-13,Maryville,1,Rock Port,2
2016-09-13,Fox,0,Rockwood Summit,2
2016-09-13,Helias Catholic,2,Rolla,0
2016-09-13,Osage,2,Sarcoxie,0
2016-09-13,Oran,1,Seneca,1
2016-09-13,Rich Hill,2,Sheldon,0
2016-09-13,Drexel,2,Sherwood,1
2016-09-13,Jackson,2,Sikeston,0
2016-09-13,Ash Grove,2,Skyline,0
2016-09-13,O'Hara,2,Savannah,1
2016-09-13,Campbell,2,Summersville,0
2016-09-13,Versailles,0,Southern Boone,2
2016-09-13,Verona,0,Southwest (Washburn),2
2016-09-13,Conway,2,Union,1
2016-09-13,Notre Dame (St. Louis),0,St. Joseph's Academy,2
2016-09-13,Ste. Genevieve,0,St. Pius X (Festus),2
2016-09-13,Grandview (Hillsboro),0,St. Vincent,2
2016-09-13,Tipton,0,Willard,2
2016-09-13,Pleasant Hope,0,Winona,2
2016-09-13,Union,0,Webb City,2
2016-09-13,Winona,2,Wright City,1
2016-09-13,Butler,2,Summit Christian Academy,3
2016-09-13,Salem,2,Thayer,1
2016-09-13,Troy Buchanan,0,Timberland,2
2016-09-13,Penney,1,Trenton,2
2016-09-13,Barstow,3,University Academy Charter,0
2016-09-13,Ellington,1,Valley,2
2016-09-13,Crossroads College Preparatory,2,Valley Park,0
2016-09-13,Lutheran St. Charles,2,Veritas Christian Academy,0
2016-09-13,St. Pius X (Kansas City),2,Warrensburg,0
2016-09-13,St. Charles,2,Warrenton,1
2016-09-13,Adrian,2,Warsaw,0
2016-09-13,Central (Springfield),0,Waynesville,2
2016-09-13,Nodaway-Holt,0,West Platte,2
2016-09-13,Lutheran North,1,Westminster Christian Academy,2
2016-09-13,Oak Park,2,William Chrisman,0
2016-09-13,Ava,0,Willow Springs,2
2016-09-13,Smithton,0,Windsor,2
2016-09-13,St. Charles West,0,Winfield,2
2016-09-13,Central (Cape Girardeau),0,Woodland,2
2016-09-13,South Iron,0,Zalma,2
2016-09-14,Notre Dame (St. Louis),2,Affton,0
2016-09-14,John F. Kennedy,2,Brentwood,0
2016-09-14,Glendale,2,Camdenton,0
2016-09-14,Seneca,0,Central (Cape Girardeau),2
2016-09-14,Camdenton,2,Central (Springfield),1
2016-09-14,Bayless,0,Crossroads College Preparatory,2
2016-09-14,Trinity Catholic,0,Duchesne,2
2016-09-14,Parkway South,0,Eureka,2
2016-09-14,Center,0,Grandview,2
2016-09-14,Miami (Amoret),0,Kingsville,2
2016-09-14,Cor Jesu Academy,0,Lafayette (Wildwood),2
2016-09-14,Bishop LeBlond,2,Lathrop,0
2016-09-14,McCluer,0,Lutheran North,2
2016-09-14,Hayti,1,North Pemiscot,2
2016-09-14,Lift for Life Academy Charter,0,North Technical,2
2016-09-14,St. Teresa's Academy,2,Notre Dame de Sion,0
2016-09-14,Lutheran South,2,Parkway South,0
2016-09-14,St. Dominic,2,Parkway South,0
2016-09-14,Parkway West,2,Parkway South,0
2016-09-14,Hazelwood West,0,Pattonville,2
2016-09-14,Festus,0,Perryville,2
2016-09-14,West County,1,Potosi,2
2016-09-14,Hazelwood Central,2,Ritenour,0
2016-09-14,Southeast,0,Ruskin,2
2016-09-14,Lone Jack,0,Santa Fe,2
2016-09-14,Ste. Genevieve,2,Saxony Lutheran,0
2016-09-14,Farmington,2,Seckman,1
2016-09-14,Visitation Academy,0,St. Joseph's Academy,2
2016-09-14,Troy Buchanan,0,Timberland,2
2016-09-15,Saxony Lutheran,1,Advance,2
2016-09-15,Adrian,2,Archie,0
2016-09-15,Summit Christian Academy,3,Barstow,2
2016-09-15,Hickman,1,Battle,2
2016-09-15,Dexter,2,Bell City,0
2016-09-15,Platte County,0,Belton,2
2016-09-15,Savannah,2,Benton,1
2016-09-15,Central (Park Hills),0,Bismarck,2
2016-09-15,Park Hill,0,Blue Springs,2
2016-09-15,Mt. Vernon,1,Bolivar,2
2016-09-15,Viburnum,0,Bourbon,0
2016-09-15,Chadwick,2,Bradleyville,0
2016-09-15,Nixa,2,Branson,0
2016-09-15,Calvary Lutheran,2,Bunceton,0
2016-09-15,Valley,2,Bunker,0
2016-09-15,Glendale,2,Camdenton,0
2016-09-15,Maryville,2,Cameron,0
2016-09-15,Republic,0,Carl Junction,2
2016-09-15,Knob Noster,2,Carrollton,1
2016-09-15,Webb City,0,Carthage,2
2016-09-15,Southwest (Washburn),0,Cassville,2
2016-09-15,Lincoln College Prep,2,Central (Kansas City),0
2016-09-15,Cooter,0,Central (New Madrid County),2
2016-09-15,Delta (Deering),0,Central (New Madrid County),2
2016-09-15,Camdenton,2,Central (Springfield),1
2016-09-15,Liberty North,2,Central (St. Joseph),0
2016-09-15,North Callaway,0,Centralia,2
2016-09-15,Portageville,2,Charleston,0
2016-09-15,Summersville,0,Charleston,2
2016-09-15,Lafayette (St. Joseph),2,Chillicothe,1
2016-09-15,MICDS,2,Clayton,0
2016-09-15,Winona,2,Clearwater,0
2016-09-15,Blue Eye,0,Clever,2
2016-09-15,La Monte,0,Cole Camp,2
2016-09-15,Dixon,0,Conway,2
2016-09-15,Concordia,2,Crest Ridge,1
2016-09-15,Grandview (Hillsboro),2,Crystal City,1
2016-09-15,Belle,0,Cuba,2
2016-09-15,Cooter,0,Delta (Deering),2
2016-09-15,Golden City,0,Diamond,2
2016-09-15,Nerinx Hall,2,Duchesne,0
2016-09-15,Warsaw,0,El Dorado Springs,2
2016-09-15,Versailles,0,Eldon,2
2016-09-15,California,2,Eugene,0
2016-09-15,St. Dominic,1,Eureka,1
2016-09-15,Parkway West,0,Eureka,2
2016-09-15,Parkway South,0,Eureka,2
2016-09-15,Lutheran South,1,Eureka,1
2016-09-15,Jefferson City,2,Fatima,0
2016-09-15,DeSoto,0,Festus,2
2016-09-15,Hollister,2,Forsyth,1
2016-09-15,Lafayette (Wildwood),2,Fox,0
2016-09-15,Timberland,2,Ft. Zumwalt East,0
2016-09-15,Ft. Zumwalt West,2,Ft. Zumwalt South,1
2016-09-15,Osage,2,Fulton,0
2016-09-15,Crane,2,Galena,0
2016-09-15,Odessa,0,Grain Valley,2
2016-09-15,Doniphan,0,Greenville,2
2016-09-15,Blair Oaks,2,Hallsville,0
2016-09-15,Kirksville,0,Hannibal,2
2016-09-15,Cooter,0,Hayti,2
2016-09-15,Central (New Madrid County),2,Hayti,0
2016-09-15,Delta (Deering),0,Hayti,2
2016-09-15,Jefferson (Festus),1,Herculaneum,2
2016-09-15,Pacific,1,Hermann,2
2016-09-15,Joplin,1,Hillcrest,2
2016-09-15,Caruthersville,2,Holcomb,1
2016-09-15,Lexington,0,Holden,2
2016-09-15,Troy Buchanan,0,Holt,2
2016-09-15,Cabool,2,Houston,1
2016-09-15,Hazelwood Central,0,Incarnate Word Academy,2
2016-09-15,Notre Dame (Cape Girardeau),2,Jackson,0
2016-09-15,Bronaugh,0,Jasper,2
2016-09-15,Westminster Christian Academy,2,John Burroughs,0
2016-09-15,Winnetonka,0,Kearney,2
2016-09-15,Lebanon,0,Kickapoo,2
2016-09-15,Wellington-Napoleon,1,Kingsville,2
2016-09-15,Duchesne,0,Kirkwood,2
2016-09-15,Washington,0,Kirkwood,2
2016-09-15,Nerinx Hall,2,Kirkwood,0
2016-09-15,Marquette,1,Kirkwood,1
2016-09-15,Richmond,2,Lafayette County,1
2016-09-15,Plattsburg,0,Lawson,2
2016-09-15,Zalma,0,Leopold,2
2016-09-15,Raytown,0,Liberty,2
2016-09-15,Whitfield,0,Liberty,2
2016-09-15,Whitfield,0,Liberty (Wentzville),2
2016-09-15,Green Ridge,2,Lincoln,1
2016-09-15,St. Dominic,0,Lutheran South,2
2016-09-15,Bloomfield,2,Malden,0
2016-09-15,Greenfield,0,Marionville,2
2016-09-15,Duchesne,2,Marquette,0
2016-09-15,Washington,0,Marquette,2
2016-09-15,Nerinx Hall,2,Marquette,0
2016-09-15,Boonville,1,Marshall,2
2016-09-15,Lutheran North,2,McCluer,0
2016-09-15,Jennings,0,McCluer South-Berkeley,2
2016-09-15,Bowling Green,2,Mexico,1
2016-09-15,East Buchanan,0,Mid-Buchanan,2
2016-09-15,Drexel,0,Midway,2
2016-09-15,Chamois,3,Missouri School for the Deaf,0
2016-09-15,Lamar,2,Monett,0
2016-09-15,Wright City,2,Montgomery County,0
2016-09-15,Willow Springs,2,Mountain Grove,0
2016-09-15,Ozark,2,Neosho,0
2016-09-15,Savannah,1,Nevada,2
2016-09-15,University City,0,Normandy Collaborative,2
2016-09-15,Penney,0,North Platte,2
2016-09-15,Hogan Prep Academy Charter,0,Northeast (Kansas City),2
2016-09-15,John F. Kennedy,0,Notre Dame (St. Louis),2
2016-09-15,Excelsior Springs,1,Oak Grove,2
2016-09-15,Warrensburg,1,O'Hara,2
2016-09-15,Chilhowee,0,Otterville,2
2016-09-15,Rolla,2,Parkview,0
2016-09-15,Francis Howell North,2,Parkway North,0
2016-09-15,Lutheran South,2,Parkway South,0
2016-09-15,Parkway West,2,Parkway South,0
2016-09-15,St. Dominic,2,Parkway South,0
2016-09-15,Lutheran South,1,Parkway West,1
2016-09-15,St. Dominic,2,Parkway West,0
2016-09-15,Licking,2,Plato,1
2016-09-15,Harrisonville,0,Pleasant Hill,2
2016-09-15,Kennett,0,Poplar Bluff,2
2016-09-15,Summersville,1,Portageville,1
2016-09-15,Maplewood-Richmond Hts.,0,Principia,2
2016-09-15,McAuley Catholic,0,Purdy,2
2016-09-15,Bernie,2,Puxico,0
2016-09-15,Blue Springs South,2,Raymore-Peculiar,0
2016-09-15,North Kansas City,2,Raytown South,0
2016-09-15,Osceola,2,Rich Hill,0
2016-09-15,Pattonville,1,Ritenour,2
2016-09-15,Webster Groves,1,Rockwood Summit,2
2016-09-15,Tipton,0,Sacred Heart,2
2016-09-15,Liberty (Mountain View),2,Salem,0
2016-09-15,Lockwood,0,Sarcoxie,2
2016-09-15,Seneca,0,Sikeston,2
2016-09-15,Willard,2,Smithton,0
2016-09-15,Rock Port,2,St. James,0
2016-09-15,Arcadia Valley,2,South Iron,0
2016-09-15,Cristo Rey,2,Southeast,0
2016-09-15,Billings,2,Union,0
2016-09-15,School of the Ozarks,2,Spokane,1
2016-09-15,Pleasant Hope,0,Springfield Catholic,2
2016-09-15,Orchard Farm,2,St. Charles West,0
2016-09-15,Webb City,0,St. Clair,2
2016-09-15,Veritas Christian Academy,0,St. Dominic,2
2016-09-15,Owensville,2,St. James,0
2016-09-15,Rock Bridge,2,St. Paul Lutheran (Concordia),1
2016-09-15,Center,0,St. Pius X (Kansas City),2
2016-09-15,Ruskin,0,Staley,2
2016-09-15,Buffalo,2,Stockton,0
2016-09-15,Lesterville,2,Wright City,0
2016-09-15,Ava,2,Thayer,0
2016-09-15,Wheaton,2,Thomas Jefferson Independent Day,0
2016-09-15,Park Hill South,2,St. Charles,0
2016-09-15,Portageville,2,St. Clair,0
2016-09-15,Charleston,0,St. Clair,2
2016-09-15,Summersville,0,St. Clair,2
2016-09-15,New Haven,2,Union,1
2016-09-15,North County,0,Valle Catholic,2
2016-09-15,Duchesne,0,Washington,2
2016-09-15,Nerinx Hall,2,Washington,0
2016-09-15,Calhoun,2,Wentworth Military Academy,1
2016-09-15,Kingston,0,West County,2
2016-09-15,Waynesville,1,West Plains,2
2016-09-15,Lathrop,0,West Platte,2
2016-09-15,Fort Osage,2,William Chrisman,0
2016-09-15,Northwest (Hughesville),1,Windsor,2
2016-09-15,St. Charles,1,Winfield,2
2016-09-15,Meadow Heights,0,Woodland,2
2016-09-16,Fordland,2,Billings,0
2016-09-16,Valley Park,1,Brentwood,2
2016-09-16,East (Kansas City),1,Butler,1
2016-09-16,Lutheran (Kansas City),2,Butler,0
2016-09-16,Pembroke Hill,0,Butler,2
2016-09-16,Northeast Vernon County,2,Calhoun,1
2016-09-16,Risco,2,Campbell,0
2016-09-16,North Pemiscot,1,Campbell,1
2016-09-16,Clarkton,0,Campbell,2
2016-09-16,Transportation and Law,1,Carnahan,2
2016-09-16,Risco,2,Clarkton,0
2016-09-16,North Pemiscot,2,Clarkton,0
2016-09-16,Helias Catholic,1,Cor Jesu Academy,1
2016-09-16,Ursuline Academy,1,Cor Jesu Academy,1
2016-09-16,Villa Duchesne,0,Francis Howell,2
2016-09-16,Lindbergh,1,Francis Howell,1
2016-09-16,St. Vincent,0,Francis Howell,2
2016-09-16,Springfield Catholic,0,Francis Howell,2
2016-09-16,Richland (Essex),0,Gideon,2
2016-09-16,Holcomb,0,Gideon,2
2016-09-16,Maplewood-Richmond Hts.,0,Hancock,2
2016-09-16,Ursuline Academy,1,Helias Catholic,1
2016-09-16,Richland (Essex),0,Holcomb,2
2016-09-16,Bell City,0,Leopold,2
2016-09-16,Villa Duchesne,2,Lindbergh,0
2016-09-16,St. Vincent,0,Lindbergh,2
2016-09-16,Springfield Catholic,0,Lindbergh,2
2016-09-16,Waynesville,2,McKinley Classical Leadership,0
2016-09-16,Collegiate School of Med-Bio Science,0,Metro,2
2016-09-16,Gateway,1,Miller Career Academy,2
2016-09-16,Risco,1,North Pemiscot,1
2016-09-16,Bloomfield,2,Notre Dame (Cape Girardeau),1
2016-09-16,Helias Catholic,2,Oakville,0
2016-09-16,Cor Jesu Academy,2,Oakville,0
2016-09-16,Ursuline Academy,2,Oakville,0
2016-09-16,Perryville,1,Oakville,1
2016-09-16,Helias Catholic,2,Perryville,0
2016-09-16,Cor Jesu Academy,1,Perryville,1
2016-09-16,Ursuline Academy,2,Perryville,0
2016-09-16,Springfield Catholic,1,Perryville,2
2016-09-16,Niangua,0,Plato,2
2016-09-16,Cleveland NJROTC,2,Roosevelt,0
2016-09-16,Villa Duchesne,2,Springfield Catholic,0
2016-09-16,St. Vincent,0,Springfield Catholic,2
2016-09-16,Gideon,2,Senath-Hornersville,0
2016-09-16,Holcomb,0,Senath-Hornersville,2
2016-09-16,Richland (Essex),0,Senath-Hornersville,2
2016-09-16,Villa Duchesne,2,St. Vincent,0
2016-09-16,Soldan International Studies,2,West Plains,0
2016-09-16,Valley,0,Viburnum,2
2016-09-16,Riverview Gardens,0,Webster Groves,2
2016-09-17,Seneca,1,Ash Grove,1
2016-09-17,Skyline,0,Ash Grove,2
2016-09-17,Mt. Vernon,2,Ash Grove,0
2016-09-17,Osceola,1,Ash Grove,2
2016-09-17,El Dorado Springs,1,Ash Grove,2
2016-09-17,Carthage,2,Aurora,1
2016-09-17,New Haven,2,Belle,0
2016-09-17,Winfield,2,Belle,0
2016-09-17,Summit Christian Academy,0,Belton,2
2016-09-17,Grain Valley,2,Belton,0
2016-09-17,Sparta,0,Belton,2
2016-09-17,Platte County,1,Belton,2
2016-09-17,Northland Christian,0,Belton,2
2016-09-17,Park Hill,2,Belton,0
2016-09-17,Midway,2,Benton,0
2016-09-17,Lakeland,1,Benton,1
2016-09-17,Pembroke Hill,2,Benton,0
2016-09-17,East (Kansas City),2,Benton,0
2016-09-17,Golden City,1,Billings,1
2016-09-17,Verona,1,Blue Eye,1
2016-09-17,School of the Ozarks,1,Blue Eye,1
2016-09-17,Bradleyville,0,Blue Eye,2
2016-09-17,New Haven,2,Bowling Green,0
2016-09-17,Winfield,2,Bowling Green,0
2016-09-17,Belle,0,Bowling Green,2
2016-09-17,Galena,1,Bradleyville,1
2016-09-17,Hallsville,2,Brookfield,0
2016-09-17,Tipton,2,Brookfield,0
2016-09-17,Ellington,2,Bunker,0
2016-09-17,West County,2,Bunker,0
2016-09-17,Lutheran (Kansas City),2,Butler,0
2016-09-17,Pembroke Hill,0,Butler,2
2016-09-17,Sacred Heart,1,Camdenton,1
2016-09-17,Reeds Spring,0,Camdenton,2
2016-09-17,Rock Bridge,0,Camdenton,2
2016-09-17,Staley,2,Camdenton,0
2016-09-17,Marshfield,1,Camdenton,2
2016-09-17,Nevada,0,Carthage,2
2016-09-17,North Callaway,1,Centralia,2
2016-09-17,Father Tolton,2,Centralia,0
2016-09-17,Tipton,1,Centralia,1
2016-09-17,Hillsboro,2,Clayton,0
2016-09-17,Seckman,2,Clayton,0
2016-09-17,St. Clair,2,Clayton,0
2016-09-17,Warrenton,2,Clayton,0
2016-09-17,Greenville,2,Clearwater,0
2016-09-17,South Iron,2,Clearwater,0
2016-09-17,Concordia,0,Clinton,2
2016-09-17,Northwest (Hughesville),1,Clinton,1
2016-09-17,Smithton,1,Clinton,1
2016-09-17,Oak Grove,2,Clinton,0
2016-09-17,Knob Noster,0,Clinton,2
2016-09-17,Rock Bridge,2,Cole Camp,0
2016-09-17,Battle,2,Cole Camp,0
2016-09-17,Staley,2,Cole Camp,0
2016-09-17,Smithton,2,Concordia,0
2016-09-17,Northwest (Hughesville),2,Concordia,0
2016-09-17,Villa Duchesne,1,Cor Jesu Academy,2
2016-09-17,Northwest (Hughesville),1,Crest Ridge,2
2016-09-17,Smithton,0,Crest Ridge,2
2016-09-17,Oak Grove,2,Crest Ridge,0
2016-09-17,Knob Noster,1,Crest Ridge,1
2016-09-17,La Monte,0,Crest Ridge,2
2016-09-17,Liberal,2,Diamond,0
2016-09-17,New Heights Christian,2,Diamond,0
2016-09-17,Jasper,1,Diamond,1
2016-09-17,Ellington,2,Doniphan,0
2016-09-17,West County,2,Doniphan,0
2016-09-17,Bunker,0,Doniphan,2
2016-09-17,Springfield Catholic,0,Duchesne,2
2016-09-17,Nerinx Hall,2,Duchesne,0
2016-09-17,St. Vincent,2,Duchesne,0
2016-09-17,Osceola,0,East Newton,2
2016-09-17,Springfield Catholic,2,East Newton,0
2016-09-17,El Dorado Springs,0,East Newton,2
2016-09-17,Mt. Vernon,2,East Newton,1
2016-09-17,Skyline,1,El Dorado Springs,2
2016-09-17,Springfield Catholic,2,El Dorado Springs,0
2016-09-17,Osceola,2,El Dorado Springs,0
2016-09-17,West County,2,Ellington,0
2016-09-17,Helias Catholic,1,Eureka,2
2016-09-17,Cor Jesu Academy,0,Eureka,2
2016-09-17,Washington,1,Eureka,2
2016-09-17,Nerinx Hall,0,Eureka,2
2016-09-17,Hillsboro,2,Festus,0
2016-09-17,Seckman,1,Festus,1
2016-09-17,Warrenton,0,Festus,2
2016-09-17,Parkway North,0,Festus,2
2016-09-17,Ft. Zumwalt West,0,Festus,2
2016-09-17,Jefferson (Festus),1,Festus,2
2016-09-17,Lesterville,2,Fox,0
2016-09-17,Potosi,2,Fox,0
2016-09-17,Jefferson (Festus),2,Fox,0
2016-09-17,Parkway North,2,Fox,0
2016-09-17,Lutheran South,2,Francis Howell,0
2016-09-17,Perryville,0,Francis Howell,2
2016-09-17,Valle Catholic,2,Ft. Zumwalt South,0
2016-09-17,St. Charles,2,Ft. Zumwalt South,0
2016-09-17,Hazelwood West,0,Ft. Zumwalt South,2
2016-09-17,John F. Kennedy,0,Ft. Zumwalt South,2
2016-09-17,Hillsboro,2,Ft. Zumwalt West,1
2016-09-17,Lesterville,0,Ft. Zumwalt West,2
2016-09-17,Warrenton,1,Ft. Zumwalt West,1
2016-09-17,Parkway North,0,Ft. Zumwalt West,2
2016-09-17,Verona,2,Galena,1
2016-09-17,Portageville,0,Gideon,2
2016-09-17,Sarcoxie,2,Golden City,0
2016-09-17,Southwest (Washburn),0,Golden City,2
2016-09-17,Summit Christian Academy,1,Grain Valley,1
2016-09-17,Northland Christian,1,Grain Valley,2
2016-09-17,Sparta,1,Grain Valley,1
2016-09-17,Golden City,2,Greenfield,0
2016-09-17,Sarcoxie,2,Greenfield,0
2016-09-17,Billings,0,Greenfield,2
2016-09-17,Southwest (Washburn),1,Greenfield,1
2016-09-17,West County,2,Greenville,0
2016-09-17,Ellington,0,Greenville,2
2016-09-17,South Iron,0,Greenville,2
2016-09-17,Father Tolton,2,Hallsville,0
2016-09-17,Gideon,2,Hayti,0
2016-09-17,Confluence Prep Academy Charter,0,Hazelwood East,2
2016-09-17,McCluer,0,Hazelwood East,2
2016-09-17,Jennings,0,Hazelwood East,2
2016-09-17,University City,0,Hazelwood East,2
2016-09-17,Riverview Gardens,0,Hazelwood East,2
2016-09-17,St. Charles,2,Hazelwood West,0
2016-09-17,John Burroughs,2,Hazelwood West,0
2016-09-17,John F. Kennedy,2,Hazelwood West,0
2016-09-17,Lutheran South,0,Helias Catholic,2
2016-09-17,Rock Bridge,2,Hickman,1
2016-09-17,Battle,2,Hickman,0
2016-09-17,Staley,2,Hickman,0
2016-09-17,Cole Camp,0,Hickman,2
2016-09-17,St. Clair,0,Hillsboro,2
2016-09-17,Seckman,0,Hillsboro,2
2016-09-17,Pierce City,2,Jasper,0
2016-09-17,New Heights Christian,1,Jasper,1
2016-09-17,Liberal,2,Jasper,0
2016-09-17,Lee's Summit North,2,Jefferson City,0
2016-09-17,Oak Park,1,Jefferson City,1
2016-09-17,Liberty North,0,Jefferson City,2
2016-09-17,Winnetonka,0,Jefferson City,2
2016-09-17,Raymore-Peculiar,0,Jefferson City,2
2016-09-17,St. Charles,2,Jefferson City,0
2016-09-17,Confluence Prep Academy Charter,0,Jennings,2
2016-09-17,McCluer,2,Jennings,0
2016-09-17,Riverview Gardens,0,Jennings,2
2016-09-17,University City,1,Jennings,1
2016-09-17,Valle Catholic,2,John Burroughs,0
2016-09-17,Staley,2,Kearney,0
2016-09-17,Clearwater,0,Kingston,2
2016-09-17,South Iron,2,Kingston,0
2016-09-17,Greenville,2,Kingston,0
2016-09-17,Savannah,2,Kirksville,0
2016-09-17,Versailles,2,Kirksville,0
2016-09-17,Lafayette County,1,Kirksville,1
2016-09-17,Helias Catholic,2,Kirkwood,0
2016-09-17,Lindbergh,1,Kirkwood,2
2016-09-17,Oak Grove,2,Knob Noster,0
2016-09-17,La Monte,0,Knob Noster,2
2016-09-17,St. Pius X (Festus),0,Lafayette (Wildwood),2
2016-09-17,St. Joseph's Academy,0,Lafayette (Wildwood),2
2016-09-17,Marshall,2,Lafayette County,0
2016-09-17,Savannah,2,Lafayette County,0
2016-09-17,Midway,2,Lakeland,0
2016-09-17,Lutheran (Kansas City),2,Lakeland,0
2016-09-17,Pembroke Hill,2,Lakeland,0
2016-09-17,Pierce City,0,Lamar,2
2016-09-17,Purdy,1,Lamar,1
2016-09-17,Diamond,0,Lamar,2
2016-09-17,New Heights Christian,0,Lamar,2
2016-09-17,Liberal,1,Lamar,2
2016-09-17,Pleasant Hill,2,Lee's Summit,0
2016-09-17,Liberty North,0,Lee's Summit,2
2016-09-17,Liberty,2,Lee's Summit,0
2016-09-17,Winnetonka,2,Lee's Summit,1
2016-09-17,St. Charles,0,Lee's Summit North,2
2016-09-17,Oak Park,0,Lee's Summit North,2
2016-09-17,Liberty,1,Lee's Summit North,2
2016-09-17,St. Teresa's Academy,0,Lee's Summit North,2
2016-09-17,Pleasant Hill,2,Lee's Summit North,0
2016-09-17,Pleasant Hill,2,Lee's Summit West,0
2016-09-17,Park Hill South,2,Lee's Summit West,0
2016-09-17,Liberty North,0,Lee's Summit West,2
2016-09-17,Liberty,0,Lee's Summit West,2
2016-09-17,Jefferson (Festus),2,Lesterville,0
2016-09-17,Pierce City,0,Liberal,2
2016-09-17,New Heights Christian,0,Liberal,2
2016-09-17,St. Teresa's Academy,1,Liberty,1
2016-09-17,Parkway West,0,Lindbergh,2
2016-09-17,Ursuline Academy,2,Lindbergh,0
2016-09-17,Monett,0,Lockwood,2
2016-09-17,Winona,2,Lockwood,0
2016-09-17,Seneca,1,Lockwood,2
2016-09-17,Spokane,0,Lockwood,2
2016-09-17,Mt. Vernon,2,Lockwood,0
2016-09-17,Lutheran South,2,Marquette,0
2016-09-17,Lindbergh,2,Marquette,0
2016-09-17,Perryville,1,Marquette,2
2016-09-17,Versailles,2,Marshall,0
2016-09-17,Santa Fe,1,Marshall,1
2016-09-17,Battle,2,Marshfield,1
2016-09-17,Sacred Heart,1,Marshfield,2
2016-09-17,Kearney,1,Marshfield,1
2016-09-17,Parkview,0,Marshfield,2
2016-09-17,Confluence Prep Academy Charter,0,McCluer,2
2016-09-17,Riverview Gardens,1,McCluer,1
2016-09-17,University City,0,McCluer,2
2016-09-17,Visitation Academy,2,McCluer North,0
2016-09-17,Trinity Catholic,2,McCluer North,0
2016-09-17,North Technical,0,McCluer South-Berkeley,2
2016-09-17,Lift for Life Academy Charter,1,McCluer South-Berkeley,1
2016-09-17,Normandy Collaborative,0,McCluer South-Berkeley,2
2016-09-17,Troy Buchanan,2,Mehlville,1
2016-09-17,Valle Catholic,2,Mehlville,0
2016-09-17,John Burroughs,1,Mehlville,2
2016-09-17,John F. Kennedy,0,Mehlville,2
2016-09-17,Rock Port,2,Mid-Buchanan,1
2016-09-17,Pembroke Hill,2,Midway,0
2016-09-17,Lutheran (Kansas City),2,Midway,0
2016-09-17,Winona,2,Monett,0
2016-09-17,Spokane,2,Monett,0
2016-09-17,Osceola,2,Monett,0
2016-09-17,Skyline,0,Mt. Vernon,2
2016-09-17,Springfield Catholic,2,Mt. Vernon,0
2016-09-17,St. Dominic,0,Nerinx Hall,2
2016-09-17,Winfield,0,New Haven,2
2016-09-17,St. Joseph Christian,0,Nodaway-Holt,2
2016-09-17,Rock Port,2,Nodaway-Holt,0
2016-09-17,North Technical,1,Normandy Collaborative,1
2016-09-17,Lift for Life Academy Charter,0,Normandy Collaborative,2
2016-09-17,Hallsville,2,North Callaway,0
2016-09-17,Brookfield,0,North Callaway,2
2016-09-17,Portageville,2,North Pemiscot,0
2016-09-17,Lift for Life Academy Charter,0,North Technical,2
2016-09-17,Smithton,0,Northwest (Hughesville),2
2016-09-17,La Monte,0,Oak Grove,2
2016-09-17,St. Charles,2,Oak Park,0
2016-09-17,Winnetonka,2,Oak Park,1
2016-09-17,Villa Duchesne,2,Oakville,1
2016-09-17,Parkway West,2,Oakville,1
2016-09-17,Washington,1,Oakville,2
2016-09-17,Springfield Catholic,2,Osceola,0
2016-09-17,Park Hill South,2,Ozark,0
2016-09-17,Winnetonka,0,Ozark,2
2016-09-17,Raymore-Peculiar,0,Ozark,2
2016-09-17,St. Teresa's Academy,2,Ozark,1
2016-09-17,William Chrisman,0,Park Hill,2
2016-09-17,Northland Christian,1,Park Hill,1
2016-09-17,Platte County,1,Park Hill,1
2016-09-17,Sparta,0,Park Hill,2
2016-09-17,Grain Valley,1,Park Hill,2
2016-09-17,Winnetonka,0,Park Hill South,2
2016-09-17,Raymore-Peculiar,0,Park Hill South,2
2016-09-17,Pleasant Hill,2,Park Hill South,0
2016-09-17,Reeds Spring,2,Parkview,0
2016-09-17,Kearney,2,Parkview,0
2016-09-17,Trinity Catholic,2,Parkway Central,0
2016-09-17,Veritas Christian Academy,1,Parkway Central,2
2016-09-17,St. Clair,2,Parkway North,0
2016-09-17,Warrenton,1,Parkway North,1
2016-09-17,Parkway West,2,Parkway South,0
2016-09-17,Washington,2,Parkway South,0
2016-09-17,Helias Catholic,2,Parkway West,0
2016-09-17,St. Vincent,0,Perryville,2
2016-09-17,Springfield Catholic,0,Perryville,2
2016-09-17,New Heights Christian,2,Pierce City,1
2016-09-17,Northland Christian,2,Platte County,0
2016-09-17,William Chrisman,0,Platte County,2
2016-09-17,St. Teresa's Academy,2,Pleasant Hill,0
2016-09-17,Lesterville,2,Potosi,0
2016-09-17,Warrenton,2,Potosi,1
2016-09-17,Jefferson (Festus),1,Potosi,1
2016-09-17,Pierce City,2,Purdy,0
2016-09-17,New Heights Christian,2,Purdy,0
2016-09-17,Diamond,0,Purdy,2
2016-09-17,Winnetonka,2,Raymore-Peculiar,0
2016-09-17,Sacred Heart,2,Reeds Spring,0
2016-09-17,Rock Bridge,2,Reeds Spring,0
2016-09-17,Confluence Prep Academy Charter,0,Riverview Gardens,2
2016-09-17,University City,0,Riverview Gardens,2
2016-09-17,Rock Bridge,0,Sacred Heart,2
2016-09-17,Versailles,1,Santa Fe,1
2016-09-17,Southwest (Washburn),0,Sarcoxie,2
2016-09-17,Portageville,2,Senath-Hornersville,0
2016-09-17,St. Clair,2,Senath-Hornersville,1
2016-09-17,Central (New Madrid County),0,Senath-Hornersville,2
2016-09-17,Skyline,0,Seneca,2
2016-09-17,Mt. Vernon,1,Seneca,1
2016-09-17,Santa Fe,2,Savannah,0
2016-09-17,Summit Christian Academy,0,Sparta,2
2016-09-17,West County,2,South Iron,0
2016-09-17,Reeds Spring,2,Southern Boone,1
2016-09-17,Marshfield,2,Southern Boone,0
2016-09-17,Kearney,1,Southern Boone,1
2016-09-17,Parkview,0,Southern Boone,2
2016-09-17,Winona,2,Spokane,0
2016-09-17,Troy Buchanan,2,St. Charles,0
2016-09-17,John F. Kennedy,0,St. Charles,2
2016-09-17,Seckman,2,St. Clair,0
2016-09-17,Warrenton,2,St. Clair,1
2016-09-17,Ursuline Academy,1,St. Dominic,2
2016-09-17,St. Pius X (Festus),2,St. Joseph's Academy,0
2016-09-17,St. Joseph's Academy,2,St. Joseph's Academy,0
2016-09-17,Liberty North,0,St. Teresa's Academy,2
2016-09-17,Villa Duchesne,0,St. Vincent,2
2016-09-17,Ursuline Academy,2,St. Vincent,0
2016-09-17,Battle,1,Staley,1
2016-09-17,Springfield Catholic,0,Winona,2
2016-09-17,Northland Christian,2,Summit Christian Academy,0
2016-09-17,Father Tolton,2,Tipton,0
2016-09-17,Veritas Christian Academy,2,Trinity Catholic,0
2016-09-17,John Burroughs,1,Troy Buchanan,2
2016-09-17,Valle Catholic,2,Troy Buchanan,1
2016-09-17,Pleasant Hill,2,St. Charles,0
2016-09-17,Gideon,1,St. Clair,2
2016-09-17,Risco,0,St. Clair,2
2016-09-17,Confluence Prep Academy Charter,0,University City,2
2016-09-17,Villa Duchesne,1,Ursuline Academy,2
2016-09-17,School of the Ozarks,2,Verona,0
2016-09-17,Veritas Christian Academy,2,Visitation Academy,0
2016-09-17,Northland Christian,2,William Chrisman,0
2016-09-17,Grain Valley,2,William Chrisman,0
2016-09-19,Dexter,2,Advance,0
2016-09-19,Kingsville,2,Ballard,0
2016-09-19,Fulton,0,Battle,2
2016-09-19,Hancock,0,Bishop DuBourg,2
2016-09-19,East Buchanan,0,Bishop LeBlond,2
2016-09-19,Southern Boone,0,Blair Oaks,2
2016-09-19,Puxico,0,Bloomfield,2
2016-09-19,Mexico,1,Boonville,2
2016-09-19,Trenton,2,Brookfield,1
2016-09-19,Sarcoxie,0,Calvary Lutheran,2
2016-09-19,Carrollton,1,Cameron,2
2016-09-19,Seneca,0,Carl Junction,2
2016-09-19,St. Clair,2,Caruthersville,1
2016-09-19,Ruskin,0,Center,2
2016-09-19,Bell City,3,Central (Cape Girardeau),1
2016-09-19,North Pemiscot,2,Central (New Madrid County),1
2016-09-19,West County,0,Central (Park Hills),2
2016-09-19,Mt. Vernon,2,Central (Springfield),0
2016-09-19,Sikeston,2,Charleston,0
2016-09-19,Marshall,0,Chillicothe,2
2016-09-19,Delta (Deering),0,Clarkton,2
2016-09-19,Fox,2,Clayton,0
2016-09-19,Miller Career Academy,2,Cleveland NJROTC,0
2016-09-19,Portageville,2,Cooter,1
2016-09-19,Houston,0,Eminence,2
2016-09-19,Tipton,1,Eugene,2
2016-09-19,Benton,0,Excelsior Springs,2
2016-09-19,Poplar Bluff,1,Farmington,2
2016-09-19,Father Tolton,0,Fatima,2
2016-09-19,Fordland,0,Forsyth,2
2016-09-19,Veritas Christian Academy,2,Ft. Zumwalt South,0
2016-09-19,McKinley Classical Leadership,0,Gateway,2
2016-09-19,Eldon,0,Hickman,2
2016-09-19,Campbell,2,Holcomb,0
2016-09-19,Kennett,0,Jackson,2
2016-09-19,McCluer South-Berkeley,1,Jennings,2
2016-09-19,Principia,0,John F. Kennedy,2
2016-09-19,Potosi,2,Kingston,0
2016-09-19,Visitation Academy,1,Ladue Horton Watkins,2
2016-09-19,Maryville,1,Lafayette (St. Joseph),2
2016-09-19,Windsor,2,Lakeland,0
2016-09-19,Diamond,0,Lamar,2
2016-09-19,El Dorado Springs,0,Liberal,2
2016-09-19,Rolla,2,Licking,0
2016-09-19,Chilhowee,0,Lincoln,2
2016-09-19,Cristo Rey,0,Lincoln College Prep,2
2016-09-19,Chamois,0,Linn,3
2016-09-19,Willard,0,Logan-Rogersville,2
2016-09-19,Senath-Hornersville,0,Malden,2
2016-09-19,McAuley Catholic,0,McDonald County,2
2016-09-19,Fredericktown,2,Meadow Heights,0
2016-09-19,Billings,0,Miller,2
2016-09-19,New Haven,2,Montgomery County,0
2016-09-19,St. Joseph's Academy,2,Montgomery County,0
2016-09-19,St. Joseph's Academy,2,New Haven,0
2016-09-19,Golden City,0,New Heights Christian,2
2016-09-19,Hillsboro,2,North County,0
2016-09-19,Concordia,1,Northwest (Hughesville),2
2016-09-19,Summit Christian Academy,1,Oak Grove,2
2016-09-19,Woodland,2,Oak Ridge,0
2016-09-19,Notre Dame de Sion,2,O'Hara,0
2016-09-19,Mid-Buchanan,2,Orrick,1
2016-09-19,Cole Camp,2,Otterville,0
2016-09-19,Jefferson City,0,Ozark,2
2016-09-19,Whitfield,0,Parkway Central,2
2016-09-19,McCluer North,0,Pattonville,2
2016-09-19,Hurley,2,Pleasant Hope,0
2016-09-19,William Chrisman,0,Raytown,2
2016-09-19,Knob Noster,1,Richmond,2
2016-09-19,Metro,2,Roosevelt,0
2016-09-19,California,2,Sacred Heart,1
2016-09-19,St. Clair,2,Salem,0
2016-09-19,Leopold,2,Seneca,0
2016-09-19,Pleasant Hill,2,Sparta,0
2016-09-19,Carnahan,0,Soldan International Studies,2
2016-09-19,Hayti,0,Summersville,2
2016-09-19,University Academy Charter,2,Southeast,0
2016-09-19,Gideon,2,Southland,0
2016-09-19,Exeter,0,Union,2
2016-09-19,Notre Dame (St. Louis),0,St. Dominic,2
2016-09-19,Dixon,0,St. James,2
2016-09-19,Lathrop,1,St. Joseph Christian,0
2016-09-19,Odessa,0,St. Paul Lutheran (Concordia),2
2016-09-19,Ellington,0,Wright City,2
2016-09-19,Transportation and Law,2,West Plains,0
2016-09-19,Lutheran North,0,Trinity Catholic,2
2016-09-19,St. Joseph's Academy,2,Union,0
2016-09-19,New Haven,2,Union,0
2016-09-19,Montgomery County,0,Union,2
2016-09-19,Normandy Collaborative,0,University City,2
2016-09-19,Kingston,2,Valley,1
2016-09-19,Potosi,2,Valley,0
2016-09-19,Collegiate School of Med-Bio Science,0,Waynesville,2
2016-09-19,Wheaton,2,Verona,0
2016-09-19,Savannah,0,Versailles,2
2016-09-19,Willard,2,Warsaw,0
2016-09-19,East Newton,0,Webb City,2
2016-09-19,Mountain Grove,0,West Plains,2
2016-09-19,Ft. Zumwalt East,0,Winfield,2
2016-09-19,Liberty (Mountain View),2,Winona,0
2016-09-19,Oran,0,Zalma,2
2016-09-20,Winona,2,Ash Grove,0
2016-09-20,Houston,1,Ava,2
2016-09-20,Sherwood,0,Barstow,3
2016-09-20,Brentwood,2,Bayless,0
2016-09-20,Verona,0,Billings,2
2016-09-20,Kingston,0,Bismarck,2
2016-09-20,Union,0,Blue Eye,2
2016-09-20,Park Hill,1,Blue Springs South,2
2016-09-20,Marshfield,1,Bolivar,2
2016-09-20,Versailles,0,Boonville,2
2016-09-20,Carthage,2,Branson,1
2016-09-20,Ballard,0,Bronaugh,2
2016-09-20,Logan-Rogersville,2,Buffalo,0
2016-09-20,Clearwater,2,Bunker,0
2016-09-20,Willow Springs,1,Cabool,2
2016-09-20,Miami (Amoret),2,Calhoun,0
2016-09-20,Southern Boone,0,California,2
2016-09-20,Jefferson City,2,Camdenton,1
2016-09-20,Northland Christian,2,Cameron,0
2016-09-20,Springfield Catholic,2,Cardinal Ritter,0
2016-09-20,Clarkton,0,Caruthersville,2
2016-09-20,Forsyth,0,Cassville,2
2016-09-20,Clinton,2,Center,1
2016-09-20,Saxony Lutheran,2,Central (Cape Girardeau),0
2016-09-20,Portageville,2,Central (New Madrid County),1
2016-09-20,Hillcrest,2,Central (Springfield),0
2016-09-20,Sarcoxie,2,Chamois,1
2016-09-20,Pleasant Hope,2,Conway,1
2016-09-20,Summersville,1,Cooter,1
2016-09-20,Orrick,2,Crest Ridge,0
2016-09-20,Northeast (Kansas City),2,Cristo Rey,0
2016-09-20,Leopold,0,Dexter,2
2016-09-20,Eugene,2,Dixon,1
2016-09-20,Adrian,2,Drexel,0
2016-09-20,Lincoln College Prep,2,East (Kansas City),0
2016-09-20,Clever,2,El Dorado Springs,0
2016-09-20,Chadwick,2,Exeter,1
2016-09-20,Skyline,1,Fair Grove,2
2016-09-20,Potosi,0,Farmington,2
2016-09-20,Hallsville,1,Father Tolton,2
2016-09-20,Hillsboro,2,Festus,0
2016-09-20,North Kansas City,2,Fort Osage,0
2016-09-20,Seckman,2,Fox,0
2016-09-20,Troy Buchanan,0,Francis Howell,2
2016-09-20,Ft. Zumwalt West,2,Francis Howell North,1
2016-09-20,Central (Park Hills),1,Fredericktown,2
2016-09-20,Hannibal,2,Fulton,0
2016-09-20,Pleasant Hill,2,Grain Valley,1
2016-09-20,St. Pius X (Festus),2,Grandview (Hillsboro),0
2016-09-20,Cole Camp,1,Green Ridge,2
2016-09-20,Jasper,2,Greenfield,0
2016-09-20,Central (Kansas City),2,Guadalupe Centers Charter,0
2016-09-20,Excelsior Springs,2,Harrisonville,0
2016-09-20,Senath-Hornersville,2,Hayti,0
2016-09-20,Hazelwood East,2,Hazelwood West,0
2016-09-20,Owensville,0,Hermann,2
2016-09-20,Pacific,1,Hermann,1
2016-09-20,Washington,2,Hermann,0
2016-09-20,Helias Catholic,2,Hickman,0
2016-09-20,St. Clair,2,Holcomb,0
2016-09-20,Lafayette County,0,Holden,2
2016-09-20,Reeds Spring,1,Hollister,2
2016-09-20,Ft. Zumwalt North,1,Holt,2
2016-09-20,Sheldon,0,Hume,2
2016-09-20,Southwest (Washburn),2,Hurley,0
2016-09-20,Rock Bridge,0,Incarnate Word Academy,2
2016-09-20,Perryville,2,Jackson,1
2016-09-20,Crystal City,0,Jefferson (Festus),2
2016-09-20,St. Charles,0,John Burroughs,2
2016-09-20,Park Hill South,2,Kearney,0
2016-09-20,Chillicothe,2,Kirksville,0
2016-09-20,Windsor,2,La Monte,0
2016-09-20,Mehlville,1,Lafayette (Wildwood),2
2016-09-20,Rich Hill,2,Lakeland,1
2016-09-20,Benton,0,Lathrop,2
2016-09-20,Raymore-Peculiar,1,Lee's Summit,2
2016-09-20,Blue Springs,2,Lee's Summit North,0
2016-09-20,Poplar Bluff,1,Lesterville,2
2016-09-20,Knob Noster,0,Lexington,2
2016-09-20,Lockwood,0,Liberal,2
2016-09-20,St. Charles,0,Liberty,2
2016-09-20,Thayer,0,Liberty (Mountain View),2
2016-09-20,Ft. Zumwalt South,2,Liberty (Wentzville),0
2016-09-20,Staley,2,Liberty North,0
2016-09-20,Tipton,2,Lincoln,0
2016-09-20,West Platte,2,Lone Jack,0
2016-09-20,Villa Duchesne,0,Lutheran South,2
2016-09-20,St. Dominic,2,Lutheran St. Charles,0
2016-09-20,Crossroads College Preparatory,1,Maplewood-Richmond Hts.,2
2016-09-20,Stockton,0,Marionville,2
2016-09-20,Hazelwood Central,2,McCluer North,0
2016-09-20,Parkway North,0,MICDS,2
2016-09-20,Hogan Prep Academy Charter,0,Mid-Buchanan,2
2016-09-20,Archie,1,Midway,2
2016-09-20,East Newton,2,Monett,0
2016-09-20,McDonald County,2,Mt. Vernon,0
2016-09-20,Washington,2,New Haven,0
2016-09-20,Kickapoo,2,Nixa,0
2016-09-20,Wright City,2,North Callaway,1
2016-09-20,Risco,2,North Pemiscot,0
2016-09-20,Marquette,2,Northwest (Cedar Hill),0
2016-09-20,Willard,2,Northwest (Hughesville),1
2016-09-20,Eureka,2,Oakville,0
2016-09-20,Oak Grove,2,Odessa,0
2016-09-20,Winfield,2,Orchard Farm,0
2016-09-20,Washington,2,Owensville,0
2016-09-20,Pacific,2,Owensville,0
2016-09-20,Carl Junction,0,Ozark,2
2016-09-20,Washington,2,Pacific,0
2016-09-20,Lindbergh,2,Parkway South,0
2016-09-20,Webster Groves,0,Parkway West,2
2016-09-20,Brookfield,1,Penney,2
2016-09-20,Lutheran North,1,Principia,2
2016-09-20,Crane,1,Purdy,2
2016-09-20,Central (St. Joseph),2,Raytown,1
2016-09-20,Grandview,1,Raytown South,2
2016-09-20,Carrollton,2,Richmond,0
2016-09-20,McCluer,2,Riverview Gardens,1
2016-09-20,Oak Park,2,Ruskin,0
2016-09-20,Smithton,0,Sacred Heart,2
2016-09-20,Mountain Grove,2,Salem,0
2016-09-20,Wellington-Napoleon,0,Santa Fe,2
2016-09-20,Diamond,0,Sarcoxie,2
2016-09-20,Galena,1,School of the Ozarks,2
2016-09-20,Charleston,0,Seneca,2
2016-09-20,Oran,0,Sikeston,2
2016-09-20,Warrensburg,0,Savannah,2
2016-09-20,Spokane,0,Springfield Catholic,2
2016-09-20,Cuba,2,St. James,1
2016-09-20,Nevada,0,St. Pius X (Kansas City),2
2016-09-20,Herculaneum,0,St. Vincent,2
2016-09-20,North County,0,Ste. Genevieve,2
2016-09-20,Versailles,0,Summit Christian Academy,3
2016-09-20,Everton,0,Thomas Jefferson Independent Day,2
2016-09-20,Francis Howell Central,0,Timberland,2
2016-09-20,East Buchanan,2,Trenton,1
2016-09-20,Cor Jesu Academy,0,Ursuline Academy,2
2016-09-20,Arcadia Valley,2,Valley,0
2016-09-20,Hancock,2,Valley Park,0
2016-09-20,Belle,0,Viburnum,2
2016-09-20,St. Charles West,0,Warrenton,2
2016-09-20,St. Joseph's Academy,0,Washington,2
2016-09-20,Republic,2,Webb City,0
2016-09-20,Valle Catholic,2,West County,0
2016-09-20,Neosho,0,Willard,2
2016-09-20,DeSoto,0,Windsor (Imperial),2
2016-09-20,Belton,2,Winnetonka,1
2016-09-20,Meadow Heights,2,Zalma,1
2016-09-21,Richland (Essex),0,Campbell,2
2016-09-21,Lift for Life Academy Charter,2,Confluence Prep Academy Charter,0
2016-09-21,Battle,2,Eldon,0
2016-09-21,Francis Howell,2,Francis Howell Central,0
2016-09-21,Kennett,2,Hayti,0
2016-09-21,DeSoto,1,Herculaneum,2
2016-09-21,John Burroughs,2,John F. Kennedy,0
2016-09-21,Hazelwood Central,0,Kirkwood,2
2016-09-21,Lee's Summit West,1,Lee's Summit North,2
2016-09-21,Nerinx Hall,2,Lindbergh,0
2016-09-21,Parkway West,0,Marquette,2
2016-09-21,Ladue Horton Watkins,2,Mehlville,0
2016-09-21,Bayless,2,North Technical,0
2016-09-21,Webb City,0,Northwest (Cedar Hill),2
2016-09-21,Westminster Christian Academy,0,Parkway Central,2
2016-09-21,Hazelwood West,0,Parkway North,2
2016-09-21,Saxony Lutheran,1,Perryville,2
2016-09-21,Jefferson (Festus),1,Potosi,2
2016-09-21,McCluer,0,Ritenour,2
2016-09-21,Hazelwood East,0,Rockwood Summit,2
2016-09-21,St. Vincent,0,St. Pius X (Festus),2
2016-09-21,Duchesne,2,Veritas Christian Academy,1
2016-09-21,Whitfield,0,Visitation Academy,2
2016-09-22,Osceola,2,Archie,0
2016-09-22,Seneca,0,Aurora,2
2016-09-22,Salem,0,Ava,2
2016-09-22,Wright City,0,Battle,2
2016-09-22,Seneca,0,Bell City,2
2016-09-22,Portageville,0,Bernie,2
2016-09-22,Benton,1,Bishop LeBlond,2
2016-09-22,Valley,0,Bismarck,2
2016-09-22,Fatima,1,Blair Oaks,2
2016-09-22,Woodland,1,Bloomfield,2
2016-09-22,School of the Ozarks,1,Blue Eye,2
2016-09-22,St. Teresa's Academy,2,Blue Springs,0
2016-09-22,North Callaway,2,Bowling Green,1
2016-09-22,Ozark,2,Branson,0
2016-09-22,Thayer,0,Cabool,2
2016-09-22,Wentworth Military Academy,0,Calhoun,2
2016-09-22,Lutheran St. Charles,2,Cardinal Ritter,0
2016-09-22,Neosho,0,Carl Junction,2
2016-09-22,Lexington,2,Carrollton,0
2016-09-22,McDonald County,0,Carthage,2
2016-09-22,Monett,1,Cassville,2
2016-09-22,Hogan Prep Academy Charter,2,Central (Kansas City),0
2016-09-22,Central (Cape Girardeau),2,Central (New Madrid County),0
2016-09-22,Meadow Heights,2,Charleston,0
2016-09-22,O'Hara,2,Clinton,0
2016-09-22,Windsor,0,Cole Camp,2
2016-09-22,Spokane,2,Crane,0
2016-09-22,Lutheran (Kansas City),2,Crest Ridge,1
2016-09-22,Kennett,2,Doniphan,0
2016-09-22,Rich Hill,1,Drexel,2
2016-09-22,Lamar,1,East Newton,2
2016-09-22,Greenville,2,Ellington,0
2016-09-22,Sarcoxie,0,Eugene,2
2016-09-22,Northwest (Cedar Hill),0,Eureka,2
2016-09-22,Hurley,2,Everton,0
2016-09-22,Pleasant Hill,2,Excelsior Springs,0
2016-09-22,Oakville,2,Fox,1
2016-09-22,Ft. Zumwalt East,2,Ft. Zumwalt South,1
2016-09-22,Boonville,2,Fulton,0
2016-09-22,Billings,2,Galena,0
2016-09-22,North Pemiscot,1,Gideon,2
2016-09-22,Pierce City,2,Golden City,0
2016-09-22,Centralia,2,Hallsville,0
2016-09-22,Hickman,0,Hannibal,2
2016-09-22,Cooter,0,Hayti,2
2016-09-22,Union,0,Hermann,2
2016-09-22,Camdenton,1,Hillcrest,2
2016-09-22,New Heights Christian,2,Jasper,1
2016-09-22,Glendale,2,Joplin,1
2016-09-22,Belton,0,Kearney,2
2016-09-22,West County,2,Kingston,0
2016-09-22,Lafayette County,0,Knob Noster,2
2016-09-22,Bradleyville,2,Koshkonong,1
2016-09-22,Willard,2,La Monte,0
2016-09-22,Sparta,2,Lafayette (St. Joseph),0
2016-09-22,Lindbergh,0,Lafayette (Wildwood),2
2016-09-22,Midway,2,Lakeland,0
2016-09-22,Waynesville,0,Lebanon,2
2016-09-22,Park Hill,2,Lee's Summit,1
2016-09-22,Thomas Jefferson Independent Day,0,Liberal,2
2016-09-22,Central (St. Joseph),0,Liberty,2
2016-09-22,Ft. Zumwalt North,2,Liberty (Wentzville),0
2016-09-22,Park Hill South,2,Liberty North,0
2016-09-22,University Academy Charter,0,Lincoln College Prep,2
2016-09-22,McCluer North,0,Lutheran North,2
2016-09-22,Nerinx Hall,0,Lutheran South,2
2016-09-22,Ash Grove,1,Marionville,2
2016-09-22,Seckman,0,Marquette,2
2016-09-22,Kirksville,0,Marshall,2
2016-09-22,Hollister,0,Marshfield,2
2016-09-22,Savannah,2,Maryville,1
2016-09-22,University City,0,McCluer South-Berkeley,2
2016-09-22,Parkway South,0,Mehlville,2
2016-09-22,Sarcoxie,1,Miller,2
2016-09-22,Liberty (Mountain View),2,Mountain Grove,0
2016-09-22,Fair Grove,2,Mt. Vernon,1
2016-09-22,Pacific,0,New Haven,2
2016-09-22,Washington,2,New Haven,0
2016-09-22,Plato,2,Niangua,0
2016-09-22,Fredericktown,0,North County,2
2016-09-22,Winnetonka,2,North Kansas City,0
2016-09-22,Lawson,2,North Platte,0
2016-09-22,Miami (Amoret),2,Northeast Vernon County,0
2016-09-22,Sacred Heart,2,Northwest (Hughesville),0
2016-09-22,Springfield Catholic,1,Notre Dame (St. Louis),2
2016-09-22,Grain Valley,2,Oak Grove,1
2016-09-22,Harrisonville,1,Odessa,2
2016-09-22,Risco,2,Oran,0
2016-09-22,St. Charles,2,Orchard Farm,0
2016-09-22,Eldon,0,Osage,2
2016-09-22,Bunceton,0,Otterville,2
2016-09-22,St. Joseph's Academy,2,Pacific,0
2016-09-22,Kickapoo,2,Parkview,0
2016-09-22,Ritenour,2,Parkway North,0
2016-09-22,Clayton,0,Parkway West,2
2016-09-22,Rockwood Summit,2,Pattonville,0
2016-09-22,East Buchanan,2,Penney,0
2016-09-22,Raytown South,0,Platte County,2
2016-09-22,Lathrop,1,Plattsburg,2
2016-09-22,Skyline,2,Pleasant Hope,0
2016-09-22,Clearwater,0,Poplar Bluff,2
2016-09-22,Ste. Genevieve,2,Potosi,0
2016-09-22,Brentwood,2,Principia,1
2016-09-22,Lockwood,2,Purdy,0
2016-09-22,Advance,2,Puxico,0
2016-09-22,Notre Dame de Sion,2,Raymore-Peculiar,1
2016-09-22,Buffalo,1,Reeds Spring,2
2016-09-22,Nixa,2,Republic,0
2016-09-22,Holden,2,Richmond,0
2016-09-22,Helias Catholic,2,Rock Bridge,0
2016-09-22,William Chrisman,2,Ruskin,0
2016-09-22,Campbell,0,Senath-Hornersville,2
2016-09-22,Summit Christian Academy,3,Sherwood,1
2016-09-22,Malden,0,Sikeston,2
2016-09-22,St. Pius X (Kansas City),2,Savannah,0
2016-09-22,Center,0,Savannah,2
2016-09-22,Lincoln,0,Smithton,2
2016-09-22,Delta (Deering),2,Summersville,1
2016-09-22,East (Kansas City),1,Southeast,2
2016-09-22,Linn,0,Southern Boone,2
2016-09-22,Clarkton,2,Southland,0
2016-09-22,Clever,2,Union,0
2016-09-22,Logan-Rogersville,2,Springfield Catholic,0
2016-09-22,Crystal City,0,St. Clair,2
2016-09-22,Lone Jack,1,St. Paul Lutheran (Concordia),2
2016-09-22,Oak Park,2,Staley,1
2016-09-22,Winona,2,Stockton,0
2016-09-22,Hillsboro,2,Webb City,0
2016-09-22,Ft. Zumwalt West,2,Timberland,0
2016-09-22,Green Ridge,2,Tipton,0
2016-09-22,Bishop DuBourg,1,Trinity Catholic,2
2016-09-22,Francis Howell North,1,Troy Buchanan,2
2016-09-22,Fort Osage,0,St. Charles,2
2016-09-22,St. Joseph's Academy,2,Ursuline Academy,0
2016-09-22,Arcadia Valley,0,Valle Catholic,2
2016-09-22,Barstow,3,Versailles,0
2016-09-22,John F. Kennedy,0,Veritas Christian Academy,2
2016-09-22,McAuley Catholic,1,Verona,2
2016-09-22,Villa Duchesne,2,Visitation Academy,0
2016-09-22,Center,0,Warrensburg,2
2016-09-22,Orchard Farm,1,Warrenton,2
2016-09-22,St. Joseph's Academy,0,Washington,2
2016-09-22,Willard,2,Webb City,0
2016-09-22,Kirkwood,0,Webster Groves,2
2016-09-22,Orrick,1,Wellington-Napoleon,2
2016-09-22,Rolla,2,West Plains,0
2016-09-22,Mid-Buchanan,2,West Platte,0
2016-09-22,Southwest (Washburn),0,Wheaton,2
2016-09-22,Houston,0,Willow Springs,2
2016-09-22,Grandview (Hillsboro),0,Windsor (Imperial),2
2016-09-22,Warrenton,2,Winfield,0
2016-09-22,Dexter,2,Winona,0
2016-09-23,Parkway Central,2,Affton,0
2016-09-23,Warsaw,2,Belle,0
2016-09-23,Exeter,0,Blue Eye,2
2016-09-23,Plato,2,Bunker,0
2016-09-23,Collegiate School of Med-Bio Science,0,Carnahan,2
2016-09-23,Gateway,2,Cleveland NJROTC,0
2016-09-23,Calvary Lutheran,2,Dixon,0
2016-09-23,Ft. Zumwalt East,1,Duchesne,1
2016-09-23,Westminster Christian Academy,2,Duchesne,0
2016-09-23,Winona,2,Ellington,0
2016-09-23,Galena,0,Fordland,2
2016-09-23,Duchesne,1,Francis Howell North,1
2016-09-23,Ft. Zumwalt East,1,Francis Howell North,1
2016-09-23,Westminster Christian Academy,1,Francis Howell North,1
2016-09-23,Ritenour,1,Ft. Zumwalt North,1
2016-09-23,Hazelwood East,0,Ft. Zumwalt North,2
2016-09-23,Campbell,0,Gideon,2
2016-09-23,Meadow Heights,0,Greenville,2
2016-09-23,University City,0,Hazelwood Central,2
2016-09-23,Ladue Horton Watkins,2,Hazelwood East,0
2016-09-23,Ritenour,0,Ladue Horton Watkins,2
2016-09-23,Notre Dame (Cape Girardeau),2,Leopold,0
2016-09-23,Trinity Catholic,0,Lutheran St. Charles,2
2016-09-23,Brentwood,0,Maplewood-Richmond Hts.,2
2016-09-23,McKinley Classical Leadership,0,Miller Career Academy,2
2016-09-23,Southland,2,North Pemiscot,0
2016-09-23,Normandy Collaborative,0,North Technical,2
2016-09-23,Woodland,2,Richland (Essex),0
2016-09-23,Holcomb,0,Risco,2
2016-09-23,St. Dominic,2,Springfield Catholic,0
2016-09-23,Northeast Vernon County,1,Sheldon,2
2016-09-23,Waynesville,0,Soldan International Studies,2
2016-09-23,Roosevelt,0,West Plains,2
2016-09-23,Lutheran St. Charles,0,Timberland,2
2016-09-23,Barat Academy,0,Timberland,2
2016-09-23,Trinity Catholic,0,Timberland,2
2016-09-23,Metro,2,Transportation and Law,0
2016-09-23,Holt,2,University City,0
2016-09-23,Crystal City,0,Valley,2
2016-09-23,Bayless,2,Valley Park,0
2016-09-23,Clearwater,0,Viburnum,2
2016-09-23,Ft. Zumwalt East,1,Westminster Christian Academy,1
2016-09-24,Marshall,0,Adrian,2
2016-09-24,Warrensburg,1,Adrian,1
2016-09-24,Battle,2,Adrian,1
2016-09-24,California,1,Adrian,1
2016-09-24,Santa Fe,1,Adrian,2
2016-09-24,Fort Osage,0,Belton,2
2016-09-24,St. Pius X (Kansas City),2,Belton,0
2016-09-24,Central (St. Joseph),0,Belton,2
2016-09-24,North Kansas City,0,Belton,2
2016-09-24,Lutheran (Kansas City),1,Bishop LeBlond,1
2016-09-24,Herculaneum,0,Bismarck,2
2016-09-24,Lutheran South,2,Blue Springs,0
2016-09-24,Incarnate Word Academy,0,Blue Springs,2
2016-09-24,Villa Duchesne,0,Blue Springs,2
2016-09-24,St. Teresa's Academy,1,Blue Springs,2
2016-09-24,Nixa,1,Blue Springs South,2
2016-09-24,Incarnate Word Academy,0,Blue Springs South,2
2016-09-24,Pleasant Hill,2,Blue Springs South,0
2016-09-24,School of the Ozarks,2,Bradleyville,0
2016-09-24,Grain Valley,1,Carl Junction,2
2016-09-24,Eminence,0,Carl Junction,2
2016-09-24,Marshfield,0,Carl Junction,2
2016-09-24,Southwest (Washburn),0,Cassville,2
2016-09-24,Wheaton,2,Cassville,0
2016-09-24,Crane,0,Cassville,2
2016-09-24,Southeast,1,Central (Kansas City),1
2016-09-24,Fort Osage,1,Central (St. Joseph),1
2016-09-24,St. Pius X (Kansas City),2,Central (St. Joseph),0
2016-09-24,School of the Ozarks,2,Chadwick,0
2016-09-24,Hurley,2,Chadwick,0
2016-09-24,Niangua,0,Chadwick,2
2016-09-24,Linn,2,Chamois,0
2016-09-24,Lutheran (Kansas City),2,Chillicothe,0
2016-09-24,Bishop LeBlond,0,Chillicothe,2
2016-09-24,West Platte,0,Chillicothe,2
2016-09-24,Savannah,2,Chillicothe,0
2016-09-24,Wheaton,2,Crane,0
2016-09-24,Trinity Catholic,2,Duchesne,0
2016-09-24,Frontier School of Excellence Charter,0,East (Kansas City),2
2016-09-24,St. Pius X (Kansas City),2,Excelsior Springs,0
2016-09-24,Central (Park Hills),0,Farmington,2
2016-09-24,Crane,1,Farmington,1
2016-09-24,Kickapoo,0,Francis Howell,2
2016-09-24,Villa Duchesne,0,Francis Howell,2
2016-09-24,Lutheran South,1,Francis Howell,2
2016-09-24,Pleasant Hill,1,Francis Howell,2
2016-09-24,Trinity Catholic,0,Francis Howell North,2
2016-09-24,Ladue Horton Watkins,0,Ft. Zumwalt North,2
2016-09-24,Rich Hill,0,Golden City,2
2016-09-24,Thomas Jefferson Independent Day,0,Golden City,2
2016-09-24,Jasper,2,Golden City,0
2016-09-24,Excelsior Springs,2,Grandview,0
2016-09-24,Thomas Jefferson Independent Day,0,Greenfield,2
2016-09-24,Jasper,0,Greenfield,2
2016-09-24,McAuley Catholic,0,Greenfield,2
2016-09-24,Liberty (Wentzville),2,Hannibal,0
2016-09-24,Rock Bridge,1,Hannibal,2
2016-09-24,Whitfield,0,Hannibal,2
2016-09-24,St. Charles,2,Hannibal,0
2016-09-24,Excelsior Springs,2,Harrisonville,0
2016-09-24,Grandview,1,Harrisonville,1
2016-09-24,North Kansas City,2,Harrisonville,0
2016-09-24,Holt,2,Hazelwood Central,0
2016-09-24,Hazelwood East,0,Hazelwood Central,2
2016-09-24,Ritenour,2,Hazelwood Central,0
2016-09-24,University City,0,Hazelwood Central,2
2016-09-24,Ritenour,2,Hazelwood East,0
2016-09-24,University City,0,Hazelwood East,2
2016-09-24,Cristo Rey,0,Hogan Prep Academy Charter,2
2016-09-24,Niangua,0,Hurley,2
2016-09-24,Rich Hill,0,Jasper,2
2016-09-24,McAuley Catholic,0,Jasper,2
2016-09-24,McDonald County,0,Jefferson City,2
2016-09-24,MICDS,1,John Burroughs,2
2016-09-24,Grain Valley,2,Joplin,0
2016-09-24,Northwest (Cedar Hill),2,Joplin,1
2016-09-24,Neosho,0,Joplin,2
2016-09-24,Marshfield,2,Joplin,1
2016-09-24,Villa Duchesne,0,Kickapoo,2
2016-09-24,Cor Jesu Academy,1,Kickapoo,2
2016-09-24,Holt,0,Ladue Horton Watkins,2
2016-09-24,Midway,1,Lafayette (St. Joseph),1
2016-09-24,Lutheran (Kansas City),2,Lafayette (St. Joseph),1
2016-09-24,Maryville,0,Lafayette (St. Joseph),2
2016-09-24,Savannah,0,Lafayette (St. Joseph),2
2016-09-24,West Platte,0,Lafayette (St. Joseph),2
2016-09-24,Liberty (Mountain View),0,Lebanon,2
2016-09-24,Neosho,0,Lebanon,2
2016-09-24,Pleasant Hill,2,Lee's Summit North,0
2016-09-24,Cor Jesu Academy,2,Lee's Summit North,1
2016-09-24,Incarnate Word Academy,2,Lee's Summit North,0
2016-09-24,Marshall,0,Lexington,2
2016-09-24,Battle,2,Lexington,0
2016-09-24,California,2,Lexington,1
2016-09-24,Santa Fe,1,Lexington,1
2016-09-24,Warsaw,0,Lexington,2
2016-09-24,Whitfield,1,Liberty,1
2016-09-24,Neosho,0,Liberty,2
2016-09-24,Helias Catholic,2,Liberty (Mountain View),0
2016-09-24,Neosho,0,Liberty (Mountain View),2
2016-09-24,West Plains,1,Lincoln College Prep,1
2016-09-24,Ruskin,0,Lincoln College Prep,2
2016-09-24,University Academy Charter,0,Lincoln College Prep,2
2016-09-24,St. Teresa's Academy,2,Lutheran South,1
2016-09-24,Westminster Christian Academy,0,Lutheran St. Charles,2
2016-09-24,California,2,Marshall,0
2016-09-24,McDonald County,0,Marshfield,2
2016-09-24,Eminence,2,Marshfield,0
2016-09-24,Midway,2,Maryville,0
2016-09-24,Lutheran (Kansas City),2,Maryville,0
2016-09-24,Savannah,1,Maryville,1
2016-09-24,Republic,2,McDonald County,0
2016-09-24,Nevada,2,McDonald County,1
2016-09-24,Helias Catholic,2,McDonald County,0
2016-09-24,Rolla,2,Mexico,0
2016-09-24,Webb City,2,Mexico,0
2016-09-24,Wright City,2,Mexico,0
2016-09-24,West Plains,2,Mexico,0
2016-09-24,Bishop LeBlond,2,Midway,0
2016-09-24,Republic,2,Nevada,0
2016-09-24,Helias Catholic,2,Nevada,0
2016-09-24,Webb City,1,Nevada,2
2016-09-24,Incarnate Word Academy,1,Nixa,2
2016-09-24,Cor Jesu Academy,2,Nixa,0
2016-09-24,Chamois,0,North Callaway,2
2016-09-24,Linn,1,North Callaway,1
2016-09-24,Owensville,2,North Callaway,0
2016-09-24,Arcadia Valley,2,North County,0
2016-09-24,Excelsior Springs,1,North Kansas City,1
2016-09-24,Grandview,0,North Kansas City,2
2016-09-24,University Academy Charter,2,Northeast (Kansas City),0
2016-09-24,East (Kansas City),0,Northeast (Kansas City),2
2016-09-24,Helias Catholic,2,Northwest (Cedar Hill),0
2016-09-24,Republic,0,Northwest (Cedar Hill),2
2016-09-24,Grain Valley,1,Northwest (Cedar Hill),2
2016-09-24,St. Vincent,0,Notre Dame (Cape Girardeau),2
2016-09-24,Troy Buchanan,1,Oakville,1
2016-09-24,Rock Bridge,0,Oakville,2
2016-09-24,Liberty (Wentzville),0,Oakville,2
2016-09-24,St. Charles,2,Oakville,1
2016-09-24,St. Charles West,0,Oakville,2
2016-09-24,Waynesville,0,Osage,2
2016-09-24,Houston,0,Osage,2
2016-09-24,Rolla,2,Osage,0
2016-09-24,Wright City,1,Osage,2
2016-09-24,West Plains,2,Osage,0
2016-09-24,Chamois,0,Owensville,2
2016-09-24,Linn,0,Owensville,2
2016-09-24,Cor Jesu Academy,0,Pleasant Hill,2
2016-09-24,Helias Catholic,2,Republic,1
2016-09-24,Thomas Jefferson Independent Day,1,Rich Hill,1
2016-09-24,University City,0,Ritenour,2
2016-09-24,Wright City,0,Rolla,2
2016-09-24,Webb City,1,Rolla,1
2016-09-24,Houston,0,Rolla,2
2016-09-24,West Plains,2,Ruskin,0
2016-09-24,Battle,1,Santa Fe,1
2016-09-24,Warsaw,0,Santa Fe,2
2016-09-24,Midway,1,Savannah,1
2016-09-24,Bishop LeBlond,1,Savannah,2
2016-09-24,Liberty (Wentzville),0,St. Charles,2
2016-09-24,Troy Buchanan,2,St. Charles,0
2016-09-24,Whitfield,0,St. Charles,2
2016-09-24,Troy Buchanan,2,St. Charles West,0
2016-09-24,Rock Bridge,2,St. Charles West,0
2016-09-24,Whitfield,2,St. Charles West,0
2016-09-24,Fort Osage,0,St. Pius X (Kansas City),2
2016-09-24,Wright City,0,Webb City,2
2016-09-24,Waynesville,1,Webb City,2
2016-09-24,West Plains,1,Webb City,2
2016-09-24,University Academy Charter,2,West Plains,0
2016-09-24,McAuley Catholic,0,Thomas Jefferson Independent Day,2
2016-09-24,Ft. Zumwalt East,0,Timberland,2
2016-09-24,Lutheran St. Charles,1,Timberland,2
2016-09-24,Rock Bridge,0,Troy Buchanan,2
2016-09-24,Liberty (Wentzville),0,Troy Buchanan,2
2016-09-24,Frontier School of Excellence Charter,0,University Academy Charter,2
2016-09-24,Washington,0,University Academy Charter,2
2016-09-24,East (Kansas City),0,University Academy Charter,2
2016-09-24,Holt,2,University City,0
2016-09-24,Marshall,1,Warrensburg,1
2016-09-24,California,0,Warrensburg,2
2016-09-24,Battle,2,Warrensburg,1
2016-09-24,Battle,2,Warsaw,0
2016-09-24,California,2,Warsaw,0
2016-09-24,East (Kansas City),0,Washington,2
2016-09-24,West Plains,0,Waynesville,2
2016-09-24,Houston,1,Waynesville,1
2016-09-24,Liberty (Mountain View),2,Webb City,0
2016-09-24,Neosho,0,Webb City,2
2016-09-24,Lebanon,2,Webb City,0
2016-09-24,Houston,0,West Plains,2
2016-09-24,Lutheran (Kansas City),2,West Platte,0
2016-09-24,Bishop LeBlond,2,West Platte,0
2016-09-24,Ft. Zumwalt East,2,Westminster Christian Academy,0
2016-09-24,Liberty (Wentzville),1,Whitfield,1
2016-09-25,University City,0,Hazelwood East,2
2016-09-25,University City,0,Ritenour,2
2016-09-26,New Heights Christian,0,Ash Grove,2
2016-09-26,Affton,2,Bayless,0
2016-09-26,Lafayette (St. Joseph),2,Benton,0
2016-09-26,Gideon,0,Bernie,2
2016-09-26,Marionville,2,Billings,1
2016-09-26,Ste. Genevieve,1,Bismarck,2
2016-09-26,Oran,1,Bloomfield,2
2016-09-26,Glendale,2,Branson,0
2016-09-26,Springfield Catholic,1,Buffalo,2
2016-09-26,Plattsburg,2,Cameron,0
2016-09-26,McKinley Classical Leadership,0,Carnahan,2
2016-09-26,Senath-Hornersville,2,Caruthersville,1
2016-09-26,St. Pius X (Festus),2,Central (Park Hills),0
2016-09-26,School of the Ozarks,2,Chadwick,1
2016-09-26,Eugene,2,Chamois,0
2016-09-26,Richland (Essex),1,Charleston,2
2016-09-26,Windsor,2,Chilhowee,0
2016-09-26,Trenton,0,Chillicothe,2
2016-09-26,Orrick,2,Concordia,1
2016-09-26,Sherwood,0,Crest Ridge,2
2016-09-26,Festus,2,Crystal City,0
2016-09-26,Potosi,2,DeSoto,1
2016-09-26,Puxico,0,Dexter,2
2016-09-26,Licking,2,Dixon,1
2016-09-26,Hogan Prep Academy Charter,2,East (Kansas City),1
2016-09-26,Northland Christian,2,East Buchanan,0
2016-09-26,Southern Boone,0,Eldon,2
2016-09-26,Niangua,0,Exeter,2
2016-09-26,Jackson,0,Farmington,2
2016-09-26,Hurley,2,Fordland,0
2016-09-26,Spokane,1,Forsyth,2
2016-09-26,Marquette,2,Francis Howell Central,0
2016-09-26,Central (Cape Girardeau),0,Fredericktown,2
2016-09-26,Soldan International Studies,1,Gateway,2
2016-09-26,McAuley Catholic,0,Golden City,2
2016-09-26,Kingston,0,Grandview (Hillsboro),2
2016-09-26,Clearwater,0,Greenville,2
2016-09-26,Risco,2,Hayti,0
2016-09-26,Washington,2,Hermann,1
2016-09-26,Union,0,Hillsboro,2
2016-09-26,Central (New Madrid County),2,Kennett,1
2016-09-26,Battle,1,Ladue Horton Watkins,2
2016-09-26,St. Joseph's Academy,0,Lafayette (Wildwood),2
2016-09-26,Sarcoxie,2,Lamar,1
2016-09-26,Central (Springfield),0,Lebanon,2
2016-09-26,Barstow,1,Lutheran (Kansas City),2
2016-09-26,Clayton,0,Lutheran North,2
2016-09-26,Campbell,0,Malden,2
2016-09-26,Santa Fe,2,Marshall,0
2016-09-26,North Technical,0,McCluer North,2
2016-09-26,Sikeston,2,Meadow Heights,0
2016-09-26,Cleveland NJROTC,0,Metro,2
2016-09-26,West Plains,0,Miller Career Academy,2
2016-09-26,Eminence,2,Mountain Grove,0
2016-09-26,El Dorado Springs,0,Nevada,2
2016-09-26,Rock Port,2,Nodaway-Holt,0
2016-09-26,McCluer South-Berkeley,2,Normandy Collaborative,1
2016-09-26,Savannah,2,O'Hara,1
2016-09-26,Lincoln,0,Osceola,2
2016-09-26,Reeds Spring,2,Parkview,0
2016-09-26,Ft. Zumwalt East,1,Parkway Central,2
2016-09-26,Rockwood Summit,0,Parkway West,2
2016-09-26,Midway,0,Pembroke Hill,2
2016-09-26,William Chrisman,0,Platte County,2
2016-09-26,Clarkton,0,Portageville,2
2016-09-26,Lutheran St. Charles,2,Principia,0
2016-09-26,University City,2,Riverview Gardens,0
2016-09-26,Owensville,0,Rolla,2
2016-09-26,Collegiate School of Med-Bio Science,2,Roosevelt,0
2016-09-26,Raytown,2,Ruskin,0
2016-09-26,Fatima,2,Sarcoxie,0
2016-09-26,Bunker,0,Salem,2
2016-09-26,Bell City,0,Saxony Lutheran,3
2016-09-26,Advance,2,Seneca,0
2016-09-26,Miami (Amoret),2,Sheldon,1
2016-09-26,Osage,2,Skyline,0
2016-09-26,Viburnum,2,South Iron,0
2016-09-26,Holcomb,0,Summersville,2
2016-09-26,Penney,0,St. Joseph Christian,2
2016-09-26,Zalma,2,St. Paul Lutheran (Farmington),0
2016-09-26,Liberty,1,Staley,2
2016-09-26,Butler,2,Stockton,0
2016-09-26,Otterville,0,Willard,2
2016-09-26,Cuba,0,Webb City,2
2016-09-26,Cabool,2,Wright City,1
2016-09-26,Adrian,2,Summit Christian Academy,0
2016-09-26,Koshkonong,0,Thayer,2
2016-09-26,California,2,Tipton,0
2016-09-26,Waynesville,0,Transportation and Law,2
2016-09-26,Central (Kansas City),0,University Academy Charter,2
2016-09-26,Hallsville,2,Warsaw,0
2016-09-26,Kingsville,2,Wentworth Military Academy,0
2016-09-26,Logan-Rogersville,2,West Plains,0
2016-09-26,Valle Catholic,2,Windsor (Imperial),0
2016-09-26,Ft. Zumwalt North,2,Winfield,0
2016-09-26,St. Vincent,2,Woodland,0
2016-09-27,Lakeland,0,Adrian,2
2016-09-27,Bloomfield,0,Advance,2
2016-09-27,Windsor (Imperial),2,Affton,0
2016-09-27,Kingston,0,Arcadia Valley,2
2016-09-27,Clever,2,Ash Grove,0
2016-09-27,Northeast Vernon County,2,Ballard,1
2016-09-27,Helias Catholic,2,Battle,0
2016-09-27,Hancock,0,Bayless,2
2016-09-27,Oran,0,Bell City,2
2016-09-27,Raymore-Peculiar,1,Blue Springs,2
2016-09-27,Lee's Summit North,0,Blue Springs South,2
2016-09-27,Belle,0,Bourbon,2
2016-09-27,Wright City,1,Bowling Green,2
2016-09-27,Union,1,Bradleyville,0
2016-09-27,Crossroads College Preparatory,0,Brentwood,2
2016-09-27,Hume,2,Bronaugh,0
2016-09-27,Hickman,0,Camdenton,2
2016-09-27,Bishop DuBourg,2,Cardinal Ritter,0
2016-09-27,Branson,0,Carl Junction,2
2016-09-27,Malden,2,Caruthersville,0
2016-09-27,Montgomery County,0,Centralia,2
2016-09-27,Orrick,2,Chilhowee,0
2016-09-27,Wentworth Military Academy,0,Chilhowee,2
2016-09-27,Jennings,0,Clayton,2
2016-09-27,Cabool,2,Conway,1
2016-09-27,Liberty (Mountain View),0,Dexter,2
2016-09-27,Charleston,0,Doniphan,2
2016-09-27,Archie,1,Drexel,2
2016-09-27,Cameron,1,East Buchanan,2
2016-09-27,Cassville,0,East Newton,2
2016-09-27,Verona,2,Everton,0
2016-09-27,Grain Valley,2,Excelsior Springs,0
2016-09-27,North County,0,Farmington,2
2016-09-27,Herculaneum,2,Festus,1
2016-09-27,Staley,2,Fort Osage,0
2016-09-27,Timberland,0,Francis Howell,2
2016-09-27,Francis Howell Central,2,Francis Howell North,1
2016-09-27,Ste. Genevieve,2,Fredericktown,0
2016-09-27,Washington,0,Ft. Zumwalt North,2
2016-09-27,Troy Buchanan,0,Ft. Zumwalt West,2
2016-09-27,Marshall,2,Fulton,0
2016-09-27,Forsyth,1,Galena,2
2016-09-27,Campbell,0,Gideon,2
2016-09-27,Central (Springfield),0,Glendale,2
2016-09-27,Jasper,1,Golden City,2
2016-09-27,Kearney,2,Grandview,0
2016-09-27,Calvary Lutheran,2,Hallsville,0
2016-09-27,Oak Grove,2,Harrisonville,0
2016-09-27,Hazelwood Central,2,Hazelwood East,0
2016-09-27,Carrollton,0,Holden,2
2016-09-27,Bolivar,2,Hollister,0
2016-09-27,Ft. Zumwalt South,0,Holt,2
2016-09-27,West Plains,2,Houston,0
2016-09-27,Ursuline Academy,2,Incarnate Word Academy,1
2016-09-27,Lutheran St. Charles,2,John F. Kennedy,0
2016-09-27,Webb City,2,Joplin,0
2016-09-27,Jefferson City,1,Kickapoo,2
2016-09-27,Southern Boone,2,Kirksville,0
2016-09-27,Rockwood Summit,0,Kirkwood,2
2016-09-27,Richmond,2,Knob Noster,1
2016-09-27,Sacred Heart,2,La Monte,0
2016-09-27,Chillicothe,2,Lafayette (St. Joseph),0
2016-09-27,Lexington,2,Lafayette County,0
2016-09-27,Trenton,1,Lathrop,2
2016-09-27,Savannah,2,Lawson,0
2016-09-27,Eminence,1,Lesterville,2
2016-09-27,Miller,2,Liberal,0
2016-09-27,Raytown,0,Liberty North,2
2016-09-27,Northwest (Hughesville),2,Lincoln,0
2016-09-27,Central (Kansas City),0,Lincoln College Prep,2
2016-09-27,Eureka,2,Lindbergh,0
2016-09-27,Greenfield,0,Lockwood,2
2016-09-27,North Platte,0,Lutheran (Kansas City),2
2016-09-27,John Burroughs,2,Lutheran North,0
2016-09-27,Webster Groves,0,Lutheran South,2
2016-09-27,Valley Park,0,Maplewood-Richmond Hts.,2
2016-09-27,Oakville,1,Marquette,2
2016-09-27,Southwest (Washburn),2,McAuley Catholic,1
2016-09-27,Hazelwood West,2,McCluer,0
2016-09-27,Lamar,0,McDonald County,2
2016-09-27,Northwest (Cedar Hill),2,Mehlville,0
2016-09-27,St. James,0,Mid-Buchanan,2
2016-09-27,Osceola,1,Midway,2
2016-09-27,Normandy Collaborative,0,Miller Career Academy,2
2016-09-27,Seneca,2,Monett,0
2016-09-27,Aurora,2,Mt. Vernon,0
2016-09-27,Cor Jesu Academy,1,Nerinx Hall,2
2016-09-27,Hermann,2,New Haven,0
2016-09-27,Neosho,0,Nixa,2
2016-09-27,St. Joseph Christian,1,Nodaway-Holt,2
2016-09-27,Missouri School for the Deaf,0,North Callaway,2
2016-09-27,Oak Park,2,North Kansas City,0
2016-09-27,Lift for Life Academy Charter,0,North Technical,2
2016-09-27,Sparta,0,Notre Dame de Sion,2
2016-09-27,Nevada,2,O'Hara,1
2016-09-27,Calhoun,0,Otterville,2
2016-09-27,St. Clair,2,Owensville,1
2016-09-27,Union,0,Pacific,2
2016-09-27,Lee's Summit West,1,Park Hill,2
2016-09-27,Central (St. Joseph),0,Park Hill South,2
2016-09-27,Parkway Central,2,Parkway North,0
2016-09-27,Whitfield,1,Pattonville,2
2016-09-27,Notre Dame (Cape Girardeau),0,Perryville,2
2016-09-27,Diamond,0,Pierce City,2
2016-09-27,Thayer,0,Plato,2
2016-09-27,Winnetonka,2,Platte County,0
2016-09-27,Odessa,0,Pleasant Hill,2
2016-09-27,Fair Grove,2,Pleasant Hope,0
2016-09-27,Central (Park Hills),2,Potosi,0
2016-09-27,Belton,2,Raytown South,0
2016-09-27,Marshfield,2,Reeds Spring,1
2016-09-27,Ozark,2,Republic,0
2016-09-27,Risco,2,Richland (Essex),0
2016-09-27,McCluer North,2,Riverview Gardens,0
2016-09-27,Hillcrest,2,Rock Bridge,0
2016-09-27,Purdy,1,Sarcoxie,2
2016-09-27,Meadow Heights,0,Saxony Lutheran,2
2016-09-27,Exeter,0,School of the Ozarks,2
2016-09-27,Lafayette (Wildwood),2,Seckman,0
2016-09-27,Versailles,2,Sherwood,3
2016-09-27,Portageville,1,Sikeston,2
2016-09-27,Stockton,0,Skyline,2
2016-09-27,Center,0,Savannah,2
2016-09-27,Green Ridge,2,Smithton,0
2016-09-27,Cooter,1,Southland,2
2016-09-27,Blue Eye,1,Spokane,2
2016-09-27,El Dorado Springs,0,Springfield Catholic,2
2016-09-27,St. Charles,2,St. Charles West,0
2016-09-27,Springfield Catholic,0,St. Joseph's Academy,2
2016-09-27,Santa Fe,0,St. Paul Lutheran (Concordia),2
2016-09-27,Ellington,2,St. Paul Lutheran (Farmington),0
2016-09-27,Jefferson (Festus),0,St. Pius X (Festus),2
2016-09-27,Clinton,0,St. Pius X (Kansas City),2
2016-09-27,Lee's Summit,0,St. Teresa's Academy,2
2016-09-27,DeSoto,0,St. Vincent,2
2016-09-27,Dixon,0,Warsaw,2
2016-09-27,Windsor,0,Willard,2
2016-09-27,Marionville,0,Winona,2
2016-09-27,St. James,0,Webb City,2
2016-09-27,Cole Camp,2,Tipton,0
2016-09-27,Bernie,2,St. Clair,0
2016-09-27,Valle Catholic,2,Valley,0
2016-09-27,Trinity Catholic,1,Veritas Christian Academy,2
2016-09-27,California,2,Versailles,0
2016-09-27,Cuba,0,Viburnum,2
2016-09-27,MICDS,0,Villa Duchesne,2
2016-09-27,Orchard Farm,1,Warrenton,2
2016-09-27,Lone Jack,0,Wellington-Napoleon,2
2016-09-27,Orrick,2,Wentworth Military Academy,0
2016-09-27,Bishop LeBlond,2,West Platte,1
2016-09-27,Principia,0,Westminster Christian Academy,2
2016-09-27,Carthage,0,Willard,2
2016-09-27,Willow Springs,0,Winona,2
2016-09-27,Leopold,1,Woodland,2
2016-09-28,Whitfield,2,Barat Academy,0
2016-09-28,Grandview,0,Belton,2
2016-09-28,Bayless,0,Bishop DuBourg,2
2016-09-28,Jennings,0,Brentwood,2
2016-09-28,Kennett,0,Central (Cape Girardeau),2
2016-09-28,Risco,1,Central (New Madrid County),2
2016-09-28,Roosevelt,2,Confluence Prep Academy Charter,0
2016-09-28,Liberty (Wentzville),2,Ft. Zumwalt East,1
2016-09-28,Parkway North,0,Ft. Zumwalt North,2
2016-09-28,Crossroads College Preparatory,0,Hancock,2
2016-09-28,Ritenour,2,Hazelwood West,0
2016-09-28,Lebanon,1,Jefferson City,2
2016-09-28,Hillcrest,0,Kickapoo,2
2016-09-28,Veritas Christian Academy,0,Lutheran St. Charles,2
2016-09-28,Miller Career Academy,2,McCluer,0
2016-09-28,North Callaway,0,Mexico,2
2016-09-28,Kirkwood,0,Nerinx Hall,2
2016-09-28,John Burroughs,2,Notre Dame (St. Louis),0
2016-09-28,Meadow Heights,0,Oak Ridge,2
2016-09-28,Hillsboro,0,Pacific,2
2016-09-28,Notre Dame (Cape Girardeau),2,Sikeston,0
2016-09-28,Holt,2,St. Charles,1
2016-09-28,St. Dominic,0,St. Joseph's Academy,2
2016-09-28,John F. Kennedy,0,Trinity Catholic,2
2016-09-28,Affton,1,Westminster Christian Academy,2
2016-09-29,Zalma,0,Advance,2
2016-09-29,Bismarck,0,Arcadia Valley,2
2016-09-29,Monett,0,Aurora,2
2016-09-29,Conway,2,Ava,0
2016-09-29,Clarkton,0,Bell City,2
2016-09-29,Maryville,2,Benton,1
2016-09-29,Bloomfield,2,Bernie,0
2016-09-29,Centralia,2,Boonville,1
2016-09-29,Marshfield,2,Buffalo,0
2016-09-29,Missouri School for the Deaf,0,Bunceton,2
2016-09-29,Chilhowee,2,Calhoun,0
2016-09-29,Mexico,0,California,2
2016-09-29,Joplin,1,Camdenton,2
2016-09-29,Carthage,1,Carl Junction,2
2016-09-29,Lafayette County,2,Carrollton,0
2016-09-29,Central (New Madrid County),2,Caruthersville,1
2016-09-29,Ste. Genevieve,2,Central (Park Hills),1
2016-09-29,Hurley,2,Chadwick,1
2016-09-29,Calvary Lutheran,2,Chamois,0
2016-09-29,Savannah,0,Chillicothe,2
2016-09-29,Lesterville,2,Clearwater,0
2016-09-29,Lift for Life Academy Charter,2,Cleveland NJROTC,1
2016-09-29,Hollister,0,Clever,2
2016-09-29,Nevada,2,Clinton,0
2016-09-29,Otterville,0,Cole Camp,2
2016-09-29,Windsor,0,Cole Camp,2
2016-09-29,Brookfield,0,Concordia,2
2016-09-29,McCluer South-Berkeley,2,Confluence Prep Academy Charter,0
2016-09-29,Blue Eye,1,Crane,2
2016-09-29,Hogan Prep Academy Charter,0,Cristo Rey,2
2016-09-29,Grandview (Hillsboro),1,Cuba,2
2016-09-29,Lakeland,0,Drexel,2
2016-09-29,St. Dominic,2,Duchesne,1
2016-09-29,North Platte,0,East Buchanan,2
2016-09-29,Wright City,1,Eminence,2
2016-09-29,Niangua,2,Everton,0
2016-09-29,Wheaton,2,Exeter,0
2016-09-29,Winona,2,Fair Grove,0
2016-09-29,Fredericktown,0,Farmington,2
2016-09-29,Battle,1,Fatima,2
2016-09-29,Bradleyville,0,Fordland,2
2016-09-29,Southwest (Washburn),0,Forsyth,2
2016-09-29,Washington,2,Ft. Zumwalt East,0
2016-09-29,Malden,2,Gideon,0
2016-09-29,West Plains,0,Glendale,2
2016-09-29,Harrisonville,0,Grain Valley,2
2016-09-29,Willard,0,Green Ridge,2
2016-09-29,Lincoln,0,Green Ridge,2
2016-09-29,Diamond,1,Greenfield,2
2016-09-29,Osage,2,Hallsville,0
2016-09-29,McCluer,0,Hazelwood Central,2
2016-09-29,Riverview Gardens,0,Hazelwood West,2
2016-09-29,Blair Oaks,0,Helias Catholic,2
2016-09-29,Father Tolton,2,Hickman,1
2016-09-29,Kennett,2,Holcomb,0
2016-09-29,Knob Noster,0,Holden,2
2016-09-29,Skyline,2,Houston,1
2016-09-29,Pierce City,2,Jasper,0
2016-09-29,Perryville,0,Jefferson (Festus),2
2016-09-29,Platte County,2,Kearney,1
2016-09-29,Fulton,0,Kirksville,2
2016-09-29,Otterville,1,La Monte,1
2016-09-29,Windsor,2,La Monte,0
2016-09-29,Incarnate Word Academy,2,Ladue Horton Watkins,1
2016-09-29,Bishop LeBlond,1,Lafayette (St. Joseph),2
2016-09-29,Mid-Buchanan,2,Lawson,0
2016-09-29,Rolla,0,Lebanon,2
2016-09-29,Lee's Summit,0,Lee's Summit North,2
2016-09-29,Blue Springs South,2,Lee's Summit West,0
2016-09-29,Jackson,2,Leopold,0
2016-09-29,Richmond,0,Lexington,2
2016-09-29,Liberty North,0,Liberty,2
2016-09-29,Ft. Zumwalt West,2,Liberty (Wentzville),0
2016-09-29,Tipton,0,Lincoln,2
2016-09-29,Northeast (Kansas City),0,Lincoln College Prep,2
2016-09-29,Northwest (Cedar Hill),1,Lindbergh,2
2016-09-29,Dixon,0,Linn,2
2016-09-29,Bolivar,0,Logan-Rogersville,2
2016-09-29,Windsor (Imperial),0,Lutheran South,2
2016-09-29,Clayton,2,Maplewood-Richmond Hts.,1
2016-09-29,Lockwood,2,McAuley Catholic,0
2016-09-29,Hazelwood East,1,McCluer North,2
2016-09-29,Fox,0,Mehlville,2
2016-09-29,Northeast Vernon County,0,Miami (Amoret),2
2016-09-29,Golden City,0,Miller,2
2016-09-29,Winfield,2,Montgomery County,0
2016-09-29,Lamar,0,Mt. Vernon,2
2016-09-29,Republic,2,Neosho,0
2016-09-29,Webb City,0,New Haven,2
2016-09-29,Liberal,2,New Heights Christian,0
2016-09-29,Webb City,0,Nixa,2
2016-09-29,Campbell,1,North Pemiscot,2
2016-09-29,Sacred Heart,2,Northwest (Hughesville),0
2016-09-29,Smithton,0,Northwest (Hughesville),2
2016-09-29,Saxony Lutheran,2,Notre Dame (Cape Girardeau),0
2016-09-29,Fort Osage,0,Oak Park,2
2016-09-29,Excelsior Springs,0,Odessa,2
2016-09-29,Richland (Essex),0,Oran,2
2016-09-29,St. Paul Lutheran (Concordia),2,Orrick,0
2016-09-29,Adrian,2,Osceola,0
2016-09-29,Willard,1,Ozark,2
2016-09-29,Owensville,0,Pacific,2
2016-09-29,Blue Springs,0,Park Hill South,2
2016-09-29,Parkway West,2,Parkway Central,0
2016-09-29,Marquette,2,Parkway South,0
2016-09-29,Barstow,2,Pembroke Hill,1
2016-09-29,Lathrop,2,Penney,0
2016-09-29,Oak Grove,0,Pleasant Hill,2
2016-09-29,Dexter,2,Poplar Bluff,0
2016-09-29,North County,0,Potosi,2
2016-09-29,Crossroads College Preparatory,2,Principia,0
2016-09-29,Cassville,2,Purdy,0
2016-09-29,Park Hill,2,Raymore-Peculiar,0
2016-09-29,St. Charles,2,Raytown,1
2016-09-29,Midway,2,Rich Hill,0
2016-09-29,Hannibal,2,Rock Bridge,1
2016-09-29,Raytown South,2,Ruskin,0
2016-09-29,Woodland,2,Seneca,0
2016-09-29,Eureka,2,Seckman,0
2016-09-29,Delta (Deering),0,Senath-Hornersville,2
2016-09-29,East Newton,0,Seneca,2
2016-09-29,Sacred Heart,2,Smithton,0
2016-09-29,Cameron,0,Sparta,2
2016-09-29,Charleston,0,Summersville,2
2016-09-29,Reeds Spring,0,Springfield Catholic,2
2016-09-29,Timberland,2,St. Charles West,0
2016-09-29,Hermann,2,St. Clair,0
2016-09-29,Union,2,St. James,0
2016-09-29,Warrensburg,0,St. Pius X (Kansas City),2
2016-09-29,Belle,0,Warsaw,2
2016-09-29,Pleasant Hope,2,Stockton,0
2016-09-29,Tipton,1,Willard,1
2016-09-29,Ft. Zumwalt South,0,Troy Buchanan,2
2016-09-29,Puxico,0,St. Clair,2
2016-09-29,Butler,3,University Academy Charter,0
2016-09-29,Jennings,2,University City,1
2016-09-29,Kingston,0,Valle Catholic,2
2016-09-29,West County,2,Valley,1
2016-09-29,Crystal City,2,Valley Park,0
2016-09-29,Cardinal Ritter,0,Veritas Christian Academy,2
2016-09-29,Thomas Jefferson Independent Day,0,Verona,2
2016-09-29,Sarcoxie,0,Versailles,2
2016-09-29,Parkview,0,Waynesville,2
2016-09-29,Ritenour,0,Webster Groves,2
2016-09-29,Crest Ridge,1,Wellington-Napoleon,2
2016-09-29,Plattsburg,1,West Platte,2
2016-09-29,North Kansas City,2,William Chrisman,0
2016-09-29,Plato,0,Willow Springs,2
2016-09-29,Mountain Grove,1,Winona,2
2016-09-30,Notre Dame (St. Louis),0,Bishop DuBourg,2
2016-09-30,Miller Career Academy,2,Carnahan,0
2016-09-30,St. Clair,2,Clarkton,0
2016-09-30,Transportation and Law,1,Cleveland NJROTC,2
2016-09-30,Valley Park,0,Crossroads College Preparatory,2
2016-09-30,Plato,2,Dixon,0
2016-09-30,Brentwood,2,Hancock,0
2016-09-30,Bayless,0,Maplewood-Richmond Hts.,2
2016-09-30,Roosevelt,2,McKinley Classical Leadership,0
2016-09-30,Oran,2,Meadow Heights,0
2016-09-30,Soldan International Studies,0,Metro,2
2016-09-30,Campbell,1,North Pemiscot,2
2016-09-30,Bronaugh,2,Northeast Vernon County,0
2016-09-30,Oak Ridge,0,Puxico,2
2016-09-30,Hume,2,Sheldon,1
2016-09-30,Galena,0,Spokane,2
2016-09-30,Ozark,0,St. Teresa's Academy,2
2016-09-30,St. Joseph's Academy,2,St. Teresa's Academy,0
2016-09-30,Collegiate School of Med-Bio Science,2,West Plains,0
2016-09-30,Gateway,2,Waynesville,0
2016-09-30,Clayton,0,Whitfield,2
2016-09-30,Richland (Essex),0,Zalma,2
2016-10-01,Valle Catholic,2,Advance,0
2016-10-01,Fredericktown,1,Advance,1
2016-10-01,Bismarck,0,Advance,2
2016-10-01,Clearwater,0,Advance,2
2016-10-01,Bernie,0,Advance,2
2016-10-01,North County,0,Advance,2
2016-10-01,Perryville,2,Advance,0
2016-10-01,Notre Dame (St. Louis),0,Affton,2
2016-10-01,Bishop DuBourg,0,Affton,2
2016-10-01,John F. Kennedy,0,Affton,2
2016-10-01,Central (Park Hills),0,Arcadia Valley,2
2016-10-01,St. Vincent,0,Arcadia Valley,2
2016-10-01,Valle Catholic,2,Arcadia Valley,0
2016-10-01,Saxony Lutheran,0,Arcadia Valley,2
2016-10-01,Conway,1,Ash Grove,1
2016-10-01,Everton,0,Ash Grove,2
2016-10-01,Union,0,Ash Grove,2
2016-10-01,Plato,1,Ash Grove,2
2016-10-01,Marionville,1,Ash Grove,2
2016-10-01,Hillcrest,1,Aurora,1
2016-10-01,Branson,2,Aurora,0
2016-10-01,Clever,0,Aurora,2
2016-10-01,Calvary Lutheran,2,Belle,0
2016-10-01,Sarcoxie,2,Belle,0
2016-10-01,Linn,2,Belle,0
2016-10-01,Bishop LeBlond,2,Benton,0
2016-10-01,Pembroke Hill,1,Benton,1
2016-10-01,Bismarck,1,Bernie,1
2016-10-01,Central (Cape Girardeau),0,Bernie,2
2016-10-01,Notre Dame (St. Louis),2,Bishop DuBourg,0
2016-10-01,John F. Kennedy,1,Bishop DuBourg,2
2016-10-01,Central (Cape Girardeau),0,Bismarck,2
2016-10-01,Perryville,1,Bismarck,2
2016-10-01,Eldon,0,Blair Oaks,2
2016-10-01,Charleston,0,Bloomfield,2
2016-10-01,Lesterville,1,Bloomfield,1
2016-10-01,Valle Catholic,1,Bloomfield,1
2016-10-01,Seneca,0,Bloomfield,2
2016-10-01,Arcadia Valley,2,Bloomfield,0
2016-10-01,Blue Springs,0,Blue Springs South,2
2016-10-01,Osceola,1,Bolivar,1
2016-10-01,Fair Grove,2,Bolivar,0
2016-10-01,Winona,2,Bolivar,0
2016-10-01,Blair Oaks,2,Boonville,0
2016-10-01,Fulton,0,Boonville,2
2016-10-01,Eugene,2,Bourbon,0
2016-10-01,Dixon,1,Bourbon,1
2016-10-01,Niangua,1,Bronaugh,1
2016-10-01,Pleasant Hope,1,Bronaugh,1
2016-10-01,Marionville,2,Bronaugh,0
2016-10-01,Everton,0,Bronaugh,2
2016-10-01,Chadwick,0,Bronaugh,2
2016-10-01,Richmond,2,Brookfield,0
2016-10-01,Winona,2,Buffalo,0
2016-10-01,El Dorado Springs,0,Buffalo,2
2016-10-01,Holden,1,Buffalo,1
2016-10-01,Fair Grove,2,Buffalo,0
2016-10-01,Ellington,2,Bunker,0
2016-10-01,Valley,2,Bunker,0
2016-10-01,Willow Springs,2,Cabool,0
2016-10-01,Salem,0,Cabool,2
2016-10-01,Liberty (Mountain View),2,Cabool,0
2016-10-01,Willard,2,Cabool,0
2016-10-01,Fatima,1,Camdenton,1
2016-10-01,Lebanon,0,Camdenton,2
2016-10-01,Glendale,1,Camdenton,1
2016-10-01,Brookfield,0,Carrollton,2
2016-10-01,Trenton,0,Carrollton,2
2016-10-01,Richmond,2,Carrollton,0
2016-10-01,Seneca,0,Carthage,2
2016-10-01,East Newton,0,Carthage,2
2016-10-01,Webb City,0,Carthage,2
2016-10-01,Joplin,0,Carthage,2
2016-10-01,Lamar,0,Carthage,2
2016-10-01,Logan-Rogersville,2,Carthage,0
2016-10-01,Fair Grove,1,Cassville,1
2016-10-01,Bolivar,2,Cassville,0
2016-10-01,Osceola,0,Cassville,2
2016-10-01,Wright City,2,Cassville,0
2016-10-01,Clearwater,0,Central (Cape Girardeau),2
2016-10-01,Perryville,1,Central (Cape Girardeau),1
2016-10-01,Saxony Lutheran,1,Central (Park Hills),1
2016-10-01,St. Vincent,2,Central (Park Hills),0
2016-10-01,Seneca,0,Central (Park Hills),2
2016-10-01,Benton,0,Central (St. Joseph),2
2016-10-01,Pembroke Hill,0,Central (St. Joseph),2
2016-10-01,Lafayette (St. Joseph),2,Central (St. Joseph),0
2016-10-01,Calvary Lutheran,2,Centralia,0
2016-10-01,Eugene,0,Centralia,2
2016-10-01,Dixon,0,Centralia,2
2016-10-01,Bourbon,0,Centralia,2
2016-10-01,Union,1,Chadwick,1
2016-10-01,Plato,2,Chadwick,0
2016-10-01,Crane,2,Chadwick,0
2016-10-01,Niangua,0,Chadwick,2
2016-10-01,Seneca,2,Charleston,0
2016-10-01,Lesterville,2,Charleston,0
2016-10-01,Valle Catholic,2,Charleston,0
2016-10-01,Perryville,2,Clearwater,0
2016-10-01,Branson,1,Clever,1
2016-10-01,La Monte,0,Cole Camp,2
2016-10-01,Sacred Heart,2,Cole Camp,1
2016-10-01,Northwest (Hughesville),0,Cole Camp,2
2016-10-01,Green Ridge,1,Cole Camp,2
2016-10-01,St. Paul Lutheran (Concordia),2,Concordia,0
2016-10-01,Lone Jack,1,Concordia,1
2016-10-01,Wellington-Napoleon,2,Concordia,0
2016-10-01,Everton,0,Conway,2
2016-10-01,Crane,2,Conway,0
2016-10-01,Ursuline Academy,2,Cor Jesu Academy,0
2016-10-01,Union,2,Crane,0
2016-10-01,Plato,0,Crane,2
2016-10-01,Marionville,2,Crane,0
2016-10-01,St. Paul Lutheran (Concordia),1,Crest Ridge,1
2016-10-01,Lone Jack,2,Crest Ridge,0
2016-10-01,Concordia,2,Crest Ridge,0
2016-10-01,Santa Fe,2,Crest Ridge,0
2016-10-01,Herculaneum,2,Crystal City,0
2016-10-01,Bunker,0,Crystal City,2
2016-10-01,Fredericktown,2,DeSoto,1
2016-10-01,Bismarck,2,DeSoto,0
2016-10-01,Bernie,1,DeSoto,1
2016-10-01,Central (Cape Girardeau),0,DeSoto,2
2016-10-01,Eugene,2,Dixon,0
2016-10-01,University Academy Charter,0,Drexel,2
2016-10-01,Seneca,0,East Newton,2
2016-10-01,Webb City,0,East Newton,2
2016-10-01,Lockwood,0,East Newton,2
2016-10-01,Logan-Rogersville,2,East Newton,0
2016-10-01,Joplin,2,East Newton,1
2016-10-01,Winona,2,El Dorado Springs,0
2016-10-01,Mountain Grove,0,Eminence,2
2016-10-01,Licking,0,Eminence,2
2016-10-01,Liberty (Mountain View),1,Eminence,2
2016-10-01,Linn,2,Eugene,1
2016-10-01,Wright City,1,Fair Grove,2
2016-10-01,Winona,2,Fair Grove,0
2016-10-01,Osceola,0,Fair Grove,2
2016-10-01,Lebanon,0,Fatima,2
2016-10-01,Hillsboro,0,Festus,2
2016-10-01,Seckman,1,Festus,1
2016-10-01,Jefferson (Festus),2,Festus,1
2016-10-01,St. Paul Lutheran (Farmington),0,Festus,2
2016-10-01,Pattonville,0,Francis Howell,2
2016-10-01,Springfield Catholic,0,Francis Howell,2
2016-10-01,Parkway South,0,Francis Howell,2
2016-10-01,Kirkwood,0,Francis Howell,2
2016-10-01,Webster Groves,0,Francis Howell,2
2016-10-01,Kirkwood,2,Francis Howell Central,0
2016-10-01,Hazelwood West,0,Francis Howell Central,2
2016-10-01,Webster Groves,2,Francis Howell Central,1
2016-10-01,Parkway South,0,Francis Howell Central,2
2016-10-01,Lesterville,2,Fredericktown,0
2016-10-01,Perryville,2,Fredericktown,0
2016-10-01,North County,0,Fredericktown,2
2016-10-01,Clearwater,0,Fredericktown,2
2016-10-01,Rockwood Summit,2,Ft. Zumwalt South,0
2016-10-01,John Burroughs,2,Ft. Zumwalt South,0
2016-10-01,Lutheran South,2,Ft. Zumwalt South,0
2016-10-01,Blair Oaks,2,Fulton,0
2016-10-01,Eldon,2,Fulton,0
2016-10-01,Fatima,1,Glendale,1
2016-10-01,Jefferson City,2,Glendale,1
2016-10-01,Ellington,0,Grandview (Hillsboro),2
2016-10-01,West County,2,Grandview (Hillsboro),1
2016-10-01,Crystal City,0,Grandview (Hillsboro),2
2016-10-01,Tipton,0,Green Ridge,2
2016-10-01,Windsor,1,Green Ridge,2
2016-10-01,Ash Grove,2,Greenfield,0
2016-10-01,Everton,0,Greenfield,2
2016-10-01,Conway,0,Greenfield,2
2016-10-01,Marionville,2,Greenfield,0
2016-10-01,Crossroads College Preparatory,2,Hazelwood East,0
2016-10-01,McCluer,0,Hazelwood East,2
2016-10-01,Ritenour,2,Hazelwood East,0
2016-10-01,University City,0,Hazelwood East,2
2016-10-01,Jennings,0,Hazelwood East,2
2016-10-01,Webster Groves,2,Hazelwood West,0
2016-10-01,Kirkwood,2,Hazelwood West,0
2016-10-01,Pattonville,2,Hazelwood West,1
2016-10-01,Valley,0,Herculaneum,2
2016-10-01,West County,0,Herculaneum,2
2016-10-01,Jefferson City,1,Hermann,1
2016-10-01,Lebanon,0,Hermann,2
2016-10-01,Hickman,0,Hermann,2
2016-10-01,Fatima,2,Hickman,0
2016-10-01,Lebanon,1,Hickman,1
2016-10-01,Branson,1,Hillcrest,1
2016-10-01,Clever,0,Hillcrest,2
2016-10-01,Mt. Vernon,0,Hillcrest,2
2016-10-01,St. Paul Lutheran (Farmington),0,Hillsboro,2
2016-10-01,Seckman,1,Hillsboro,1
2016-10-01,Miller Career Academy,0,Hillsboro,2
2016-10-01,Parkway North,0,Hillsboro,2
2016-10-01,Winona,2,Holden,0
2016-10-01,El Dorado Springs,1,Holden,1
2016-10-01,Wright City,1,Holden,2
2016-10-01,Parkview,0,Holden,2
2016-10-01,Mt. Vernon,1,Hollister,1
2016-10-01,Pierce City,1,Hollister,1
2016-10-01,Branson,2,Hollister,0
2016-10-01,West Plains,1,Hollister,1
2016-10-01,Fatima,2,Jefferson City,0
2016-10-01,Hickman,1,Jefferson City,1
2016-10-01,Lebanon,2,Jefferson City,0
2016-10-01,Ritenour,2,Jennings,0
2016-10-01,McCluer,2,Jennings,0
2016-10-01,Lutheran South,2,John Burroughs,0
2016-10-01,Notre Dame (St. Louis),2,John F. Kennedy,1
2016-10-01,Lockwood,0,Joplin,2
2016-10-01,Seneca,0,Joplin,2
2016-10-01,Neosho,0,Joplin,2
2016-10-01,Logan-Rogersville,2,Joplin,0
2016-10-01,Lamar,0,Joplin,2
2016-10-01,West County,2,Kingston,0
2016-10-01,Ellington,0,Kingston,2
2016-10-01,Valley,1,Kingston,2
2016-10-01,Webster Groves,2,Kirkwood,0
2016-10-01,Springfield Catholic,0,Kirkwood,2
2016-10-01,Drexel,1,Knob Noster,1
2016-10-01,Sherwood,2,Knob Noster,0
2016-10-01,Lakeland,0,Knob Noster,2
2016-10-01,Smithton,2,La Monte,0
2016-10-01,Maryville,0,Lafayette (St. Joseph),2
2016-10-01,Bishop LeBlond,2,Lafayette (St. Joseph),0
2016-10-01,Pembroke Hill,0,Lafayette (St. Joseph),2
2016-10-01,University Academy Charter,2,Lakeland,0
2016-10-01,Sherwood,2,Lakeland,0
2016-10-01,Lockwood,1,Lamar,1
2016-10-01,Webb City,2,Lamar,0
2016-10-01,Neosho,1,Lamar,1
2016-10-01,Logan-Rogersville,2,Lamar,0
2016-10-01,Valle Catholic,2,Lesterville,0
2016-10-01,Seneca,0,Lesterville,2
2016-10-01,Saxony Lutheran,0,Lesterville,2
2016-10-01,Willow Springs,0,Liberty (Mountain View),2
2016-10-01,Mountain Grove,0,Liberty (Mountain View),2
2016-10-01,Mountain Grove,2,Licking,0
2016-10-01,Willard,1,Lincoln,1
2016-10-01,Northwest (Hughesville),2,Lincoln,1
2016-10-01,Windsor,2,Lincoln,0
2016-10-01,Calvary Lutheran,2,Linn,0
2016-10-01,Sarcoxie,0,Linn,2
2016-10-01,Neosho,0,Lockwood,2
2016-10-01,Logan-Rogersville,2,Lockwood,0
2016-10-01,Webb City,0,Logan-Rogersville,2
2016-10-01,Neosho,0,Logan-Rogersville,2
2016-10-01,St. Paul Lutheran (Concordia),2,Lone Jack,0
2016-10-01,Orrick,2,Lone Jack,1
2016-10-01,Niangua,0,Marionville,2
2016-10-01,Pleasant Hope,0,Marionville,2
2016-10-01,Hannibal,2,Marshall,0
2016-10-01,Bishop LeBlond,2,Maryville,0
2016-10-01,Benton,2,Maryville,0
2016-10-01,Crossroads College Preparatory,2,McCluer,0
2016-10-01,Ritenour,2,McCluer,0
2016-10-01,University City,0,McCluer,2
2016-10-01,Jefferson (Festus),2,Miller Career Academy,0
2016-10-01,Parkway North,2,Miller Career Academy,0
2016-10-01,Northwest (Cedar Hill),2,Miller Career Academy,0
2016-10-01,Pierce City,1,Mt. Vernon,1
2016-10-01,Pleasant Hope,2,Niangua,0
2016-10-01,Central (Park Hills),2,North County,1
2016-10-01,Clearwater,0,North County,2
2016-10-01,Perryville,2,North County,0
2016-10-01,Jefferson (Festus),0,Northwest (Cedar Hill),2
2016-10-01,Seckman,2,Northwest (Cedar Hill),0
2016-10-01,Parkway North,0,Northwest (Cedar Hill),2
2016-10-01,Pacific,2,Orchard Farm,0
2016-10-01,Wellington-Napoleon,1,Orrick,1
2016-10-01,Santa Fe,2,Orrick,0
2016-10-01,St. Paul Lutheran (Concordia),2,Orrick,0
2016-10-01,Windsor,2,Otterville,0
2016-10-01,Tipton,2,Otterville,1
2016-10-01,St. Joseph's Academy,2,Ozark,0
2016-10-01,Wright City,2,Parkview,0
2016-10-01,Stockton,0,Parkview,2
2016-10-01,Waynesville,1,Parkview,1
2016-10-01,Timberland,2,Parkway Central,0
2016-10-01,Webb City,0,Parkway Central,2
2016-10-01,Lutheran South,2,Parkway Central,0
2016-10-01,Troy Buchanan,0,Parkway Central,2
2016-10-01,Jefferson (Festus),2,Parkway North,0
2016-10-01,St. Paul Lutheran (Farmington),0,Parkway North,2
2016-10-01,Springfield Catholic,2,Parkway South,0
2016-10-01,Pattonville,2,Parkway South,1
2016-10-01,Springfield Catholic,2,Pattonville,0
2016-10-01,Union,0,Plato,2
2016-10-01,Pleasant Hope,0,Plato,2
2016-10-01,Crossroads College Preparatory,0,Ritenour,2
2016-10-01,Lutheran South,2,Rockwood Summit,0
2016-10-01,John Burroughs,2,Rockwood Summit,0
2016-10-01,Mountain Grove,2,Rolla,0
2016-10-01,Licking,1,Rolla,1
2016-10-01,Eminence,2,Rolla,0
2016-10-01,Warsaw,0,Rolla,2
2016-10-01,Calvary Lutheran,2,Sarcoxie,0
2016-10-01,Willow Springs,2,Salem,0
2016-10-01,Willard,2,Salem,0
2016-10-01,Liberty (Mountain View),2,Salem,0
2016-10-01,Wellington-Napoleon,0,Santa Fe,2
2016-10-01,St. Paul Lutheran (Concordia),1,Santa Fe,2
2016-10-01,Valle Catholic,2,Seneca,0
2016-10-01,St. Paul Lutheran (Farmington),0,Seckman,2
2016-10-01,Jefferson (Festus),2,Seckman,1
2016-10-01,Webb City,0,Seneca,2
2016-10-01,University Academy Charter,1,Sherwood,1
2016-10-01,Tipton,2,Smithton,0
2016-10-01,Boonville,1,Southern Boone,2
2016-10-01,Eldon,2,Southern Boone,0
2016-10-01,Pacific,2,St. Clair,0
2016-10-01,St. James,0,St. Clair,2
2016-10-01,Warrenton,2,St. Clair,0
2016-10-01,Orchard Farm,0,St. Clair,2
2016-10-01,Warrenton,2,St. James,0
2016-10-01,Union,2,St. James,0
2016-10-01,Orchard Farm,2,St. James,1
2016-10-01,Ozark,0,St. Teresa's Academy,2
2016-10-01,Saxony Lutheran,0,St. Vincent,2
2016-10-01,Valle Catholic,2,St. Vincent,0
2016-10-01,Mountain Grove,2,Warsaw,0
2016-10-01,Licking,1,Warsaw,1
2016-10-01,Eminence,2,Warsaw,0
2016-10-01,Wright City,2,Stockton,0
2016-10-01,Tipton,2,Willard,1
2016-10-01,Timberland,2,Webb City,0
2016-10-01,Troy Buchanan,2,Webb City,0
2016-10-01,Troy Buchanan,0,Timberland,2
2016-10-01,John Burroughs,2,Timberland,1
2016-10-01,Brookfield,1,Trenton,1
2016-10-01,Richmond,1,Trenton,1
2016-10-01,Pacific,2,Union,0
2016-10-01,Orchard Farm,0,Union,2
2016-10-01,Warrenton,1,Union,2
2016-10-01,Crossroads College Preparatory,2,University City,0
2016-10-01,Wright City,2,Waynesville,0
2016-10-01,Stockton,2,Waynesville,0
2016-10-01,Springfield Catholic,0,Webster Groves,2
2016-10-01,Mt. Vernon,2,West Plains,0
2016-10-01,Pierce City,1,West Plains,1
2016-10-01,Willow Springs,0,Willard,2
2016-10-01,Mountain Grove,0,Willard,2
2016-10-01,Liberty (Mountain View),1,Willard,1
2016-10-01,Eminence,0,Willard,2
2016-10-01,Sacred Heart,2,Windsor,0
2016-10-03,Dexter,0,Advance,2
2016-10-03,Bloomfield,0,Advance,2
2016-10-03,Bernie,0,Advance,2
2016-10-03,Clever,1,Aurora,2
2016-10-03,Orchard Farm,2,Barat Academy,0
2016-10-03,Woodland,2,Bell City,0
2016-10-03,Richland (Essex),0,Bell City,2
2016-10-03,Puxico,2,Bell City,0
2016-10-03,Bloomfield,1,Bernie,1
2016-10-03,Owensville,0,Blair Oaks,2
2016-10-03,Billings,2,Blue Eye,1
2016-10-03,Centralia,1,Bowling Green,2
2016-10-03,Kirksville,2,Brookfield,0
2016-10-03,Greenville,2,Bunker,0
2016-10-03,Sherwood,0,Butler,3
2016-10-03,Fordland,0,Cabool,2
2016-10-03,Kingsville,2,Calhoun,0
2016-10-03,Richmond,2,Cameron,1
2016-10-03,O'Hara,2,Center,0
2016-10-03,Farmington,2,Central (Cape Girardeau),0
2016-10-03,Cristo Rey,1,Central (Kansas City),2
2016-10-03,Perryville,2,Central (Park Hills),0
2016-10-03,Republic,2,Central (Springfield),1
2016-10-03,North Callaway,2,Chamois,0
2016-10-03,Smithton,2,Chilhowee,0
2016-10-03,Cooter,0,Clarkton,2
2016-10-03,West County,2,Crystal City,0
2016-10-03,Warsaw,2,Cuba,0
2016-10-03,Risco,2,Delta (Deering),0
2016-10-03,Bernie,2,Dexter,0
2016-10-03,Bloomfield,1,Dexter,1
2016-10-03,Fox,0,Eureka,2
2016-10-03,Marionville,2,Forsyth,0
2016-10-03,Jackson,2,Fredericktown,0
2016-10-03,Transportation and Law,0,Gateway,2
2016-10-03,Holcomb,0,Gideon,2
2016-10-03,Liberal,2,Golden City,1
2016-10-03,Festus,2,Grandview (Hillsboro),0
2016-10-03,Affton,2,Herculaneum,1
2016-10-03,Helias Catholic,2,Hermann,1
2016-10-03,East Newton,0,Hollister,2
2016-10-03,Nerinx Hall,2,Incarnate Word Academy,1
2016-10-03,Hillsboro,2,Jefferson (Festus),1
2016-10-03,North Technical,0,Jennings,2
2016-10-03,Sikeston,0,Kennett,2
2016-10-03,Francis Howell,2,Kirkwood,0
2016-10-03,Savannah,1,Lafayette (St. Joseph),2
2016-10-03,Skyline,2,Lakeland,0
2016-10-03,Liberty,0,Lee's Summit North,2
2016-10-03,North County,0,Lesterville,2
2016-10-03,Liberty (Mountain View),2,Licking,0
2016-10-03,Bunceton,0,Lincoln,2
2016-10-03,East (Kansas City),0,Lincoln College Prep,2
2016-10-03,Summit Christian Academy,0,Lutheran (Kansas City),2
2016-10-03,Plattsburg,1,Maryville,2
2016-10-03,Maplewood-Richmond Hts.,2,McCluer South-Berkeley,0
2016-10-03,West Plains,2,McKinley Classical Leadership,0
2016-10-03,Nodaway-Holt,0,Mid-Buchanan,2
2016-10-03,Collegiate School of Med-Bio Science,0,Miller Career Academy,2
2016-10-03,Linn,2,Missouri School for the Deaf,0
2016-10-03,Parkview,2,Monett,0
2016-10-03,Hallsville,2,Montgomery County,1
2016-10-03,Chadwick,2,Niangua,0
2016-10-03,West Platte,2,North Platte,0
2016-10-03,St. Joseph's Academy,2,Notre Dame (St. Louis),0
2016-10-03,Leopold,1,Oak Ridge,2
2016-10-03,Bolivar,1,Osage,2
2016-10-03,Tipton,2,Otterville,0
2016-10-03,Hazelwood West,0,Pacific,2
2016-10-03,Chillicothe,2,Penney,0
2016-10-03,Woodland,2,Puxico,0
2016-10-03,Richland (Essex),0,Puxico,2
2016-10-03,Woodland,2,Richland (Essex),0
2016-10-03,Carnahan,2,Roosevelt,0
2016-10-03,Duchesne,2,Springfield Catholic,0
2016-10-03,Eugene,2,Sarcoxie,0
2016-10-03,Plato,2,Salem,0
2016-10-03,Orrick,1,Santa Fe,2
2016-10-03,Oran,0,Saxony Lutheran,2
2016-10-03,Cleveland NJROTC,0,Soldan International Studies,2
2016-10-03,Valley,2,South Iron,0
2016-10-03,Hogan Prep Academy Charter,2,Southeast,1
2016-10-03,Liberty (Wentzville),1,St. Charles,2
2016-10-03,Belle,0,St. James,2
2016-10-03,Cole Camp,2,St. Paul Lutheran (Concordia),1
2016-10-03,DeSoto,0,St. Pius X (Festus),2
2016-10-03,Ash Grove,2,Stockton,0
2016-10-03,Conway,0,Winona,2
2016-10-03,Lexington,2,Trenton,0
2016-10-03,Kearney,2,St. Charles,0
2016-10-03,Ste. Genevieve,1,Valle Catholic,2
2016-10-03,Metro,2,Waynesville,0
2016-10-03,Greenfield,0,Verona,2
2016-10-03,Bourbon,0,Viburnum,2
2016-10-03,Lutheran North,0,Villa Duchesne,2
2016-10-03,Mexico,0,Warrenton,2
2016-10-03,Versailles,2,Warsaw,0
2016-10-03,Lathrop,0,Wellington-Napoleon,2
2016-10-03,Seneca,2,Wheaton,0
2016-10-03,Liberty North,2,William Chrisman,0
2016-10-03,Concordia,0,Windsor,2
2016-10-03,Seckman,2,Windsor (Imperial),0
2016-10-03,Wright City,0,Winfield,2
2016-10-04,Rockwood Summit,2,Affton,0
2016-10-04,West County,0,Arcadia Valley,2
2016-10-04,Fair Grove,2,Ash Grove,1
2016-10-04,Cabool,2,Ava,0
2016-10-04,Blair Oaks,2,Battle,0
2016-10-04,Crossroads College Preparatory,2,Bayless,0
2016-10-04,Trenton,0,Bishop LeBlond,2
2016-10-04,Valle Catholic,2,Bismarck,0
2016-10-04,Lee's Summit West,2,Blue Springs,1
2016-10-04,Lee's Summit,0,Blue Springs South,2
2016-10-04,Buffalo,1,Bolivar,2
2016-10-04,Marshall,0,Boonville,2
2016-10-04,Forsyth,2,Bradleyville,0
2016-10-04,Thomas Jefferson Independent Day,2,Bronaugh,1
2016-10-04,Fatima,0,California,2
2016-10-04,Montgomery County,0,Calvary Lutheran,2
2016-10-04,John F. Kennedy,2,Cardinal Ritter,0
2016-10-04,Nixa,2,Carthage,0
2016-10-04,Campbell,2,Caruthersville,0
2016-10-04,St. Charles,2,Central (St. Joseph),1
2016-10-04,Kirksville,0,Centralia,2
2016-10-04,Oran,2,Charleston,1
2016-10-04,Crane,0,Clever,2
2016-10-04,Savannah,2,Clinton,0
2016-10-04,Willard,0,Cole Camp,2
2016-10-04,Licking,1,Conway,2
2016-10-04,Lone Jack,2,Crest Ridge,1
2016-10-04,St. Pius X (Festus),2,Crystal City,0
2016-10-04,Neosho,0,Diamond,2
2016-10-04,Cuba,2,Dixon,0
2016-10-04,Sikeston,2,Doniphan,1
2016-10-04,Eminence,2,Ellington,0
2016-10-04,Chadwick,2,Everton,0
2016-10-04,Oak Grove,2,Excelsior Springs,0
2016-10-04,McAuley Catholic,0,Exeter,2
2016-10-04,Wright City,0,Father Tolton,2
2016-10-04,St. Vincent,0,Festus,2
2016-10-04,Versailles,0,Fort Osage,2
2016-10-04,Windsor (Imperial),2,Fox,0
2016-10-04,Potosi,0,Fredericktown,2
2016-10-04,Ft. Zumwalt East,0,Ft. Zumwalt North,2
2016-10-04,Francis Howell,2,Ft. Zumwalt West,0
2016-10-04,Hurley,1,Galena,2
2016-10-04,Lebanon,1,Glendale,2
2016-10-04,Platte County,2,Grandview,0
2016-10-04,Northwest (Hughesville),0,Green Ridge,2
2016-10-04,Leopold,0,Greenville,2
2016-10-04,Fulton,0,Hallsville,2
2016-10-04,Maplewood-Richmond Hts.,1,Hancock,2
2016-10-04,Pleasant Hill,2,Harrisonville,0
2016-10-04,Senath-Hornersville,2,Hayti,1
2016-10-04,McCluer,0,Hazelwood East,2
2016-10-04,Springfield Catholic,1,Hollister,2
2016-10-04,Miller,2,Jasper,0
2016-10-04,Kickapoo,2,Joplin,0
2016-10-04,Oak Park,1,Kearney,2
2016-10-04,Valley,2,Kingston,0
2016-10-04,Carrollton,0,Knob Noster,2
2016-10-04,Oakville,0,Lafayette (Wildwood),2
2016-10-04,Archie,2,Lakeland,0
2016-10-04,Aurora,2,Lamar,0
2016-10-04,Lawson,0,Lathrop,2
2016-10-04,Viburnum,0,Lesterville,2
2016-10-04,Holden,2,Lexington,0
2016-10-04,Pierce City,1,Liberal,2
2016-10-04,Willow Springs,0,Liberty (Mountain View),2
2016-10-04,Holt,2,Liberty (Wentzville),0
2016-10-04,La Monte,0,Lincoln,2
2016-10-04,Pembroke Hill,2,Lincoln College Prep,0
2016-10-04,Orrick,1,Lutheran (Kansas City),2
2016-10-04,Lutheran South,2,Lutheran North,0
2016-10-04,Trinity Catholic,1,Lutheran St. Charles,2
2016-10-04,Pleasant Hope,0,Marionville,2
2016-10-04,Logan-Rogersville,2,Marshfield,0
2016-10-04,Hazelwood West,2,McCluer North,0
2016-10-04,Orchard Farm,2,McCluer South-Berkeley,0
2016-10-04,Seneca,0,McDonald County,2
2016-10-04,Brookfield,0,Mexico,2
2016-10-04,Westminster Christian Academy,2,MICDS,1
2016-10-04,Wheaton,2,Monett,0
2016-10-04,Thayer,0,Mountain Grove,2
2016-10-04,Cassville,2,Mt. Vernon,1
2016-10-04,St. James,0,New Haven,2
2016-10-04,Purdy,0,New Heights Christian,2
2016-10-04,North Technical,2,Normandy Collaborative,1
2016-10-04,Bowling Green,2,North Callaway,0
2016-10-04,Central (Park Hills),2,North County,1
2016-10-04,Ruskin,0,North Kansas City,2
2016-10-04,Southland,0,North Pemiscot,2
2016-10-04,Mid-Buchanan,2,North Platte,0
2016-10-04,Hume,2,Northeast Vernon County,1
2016-10-04,Central (Cape Girardeau),0,Notre Dame (Cape Girardeau),2
2016-10-04,O'Hara,1,Notre Dame de Sion,2
2016-10-04,Grain Valley,2,Odessa,1
2016-10-04,Drexel,0,Osceola,2
2016-10-04,Hermann,2,Owensville,0
2016-10-04,Liberty North,0,Park Hill,2
2016-10-04,Raytown,0,Park Hill South,2
2016-10-04,Wright City,2,Plato,1
2016-10-04,East Buchanan,0,Plattsburg,2
2016-10-04,Winona,2,Poplar Bluff,0
2016-10-04,Summersville,0,Portageville,2
2016-10-04,Villa Duchesne,2,Principia,0
2016-10-04,Lee's Summit North,2,Raymore-Peculiar,1
2016-10-04,Winnetonka,2,Raytown South,0
2016-10-04,Branson,0,Republic,2
2016-10-04,Ozark,2,Republic,0
2016-10-04,Adrian,2,Rich Hill,0
2016-10-04,Lafayette County,2,Richmond,1
2016-10-04,Hazelwood Central,2,Riverview Gardens,0
2016-10-04,Hillcrest,2,Rolla,0
2016-10-04,Houston,2,Salem,0
2016-10-04,Greenfield,0,Sarcoxie,2
2016-10-04,Central (New Madrid County),2,Seneca,0
2016-10-04,Warsaw,0,Southern Boone,2
2016-10-04,Fordland,2,Spokane,0
2016-10-04,Pattonville,2,St. Charles West,0
2016-10-04,St. Joseph's Academy,0,St. Dominic,2
2016-10-04,Northland Christian,2,St. Joseph Christian,0
2016-10-04,Grandview,2,St. Paul Lutheran (Farmington),0
2016-10-04,Grandview (Hillsboro),2,St. Paul Lutheran (Farmington),0
2016-10-04,Farmington,0,Ste. Genevieve,2
2016-10-04,Bourbon,0,Warsaw,2
2016-10-04,Pacific,2,Webb City,0
2016-10-04,Francis Howell North,0,Timberland,2
2016-10-04,Smithton,2,Tipton,0
2016-10-04,Francis Howell Central,2,Troy Buchanan,1
2016-10-04,Clearwater,1,St. Clair,2
2016-10-04,St. Clair,0,Union,2
2016-10-04,McKinley Classical Leadership,0,University City,2
2016-10-04,Brentwood,2,Valley Park,1
2016-10-04,Bishop DuBourg,1,Veritas Christian Academy,2
2016-10-04,Nevada,1,Warrensburg,2
2016-10-04,Ft. Zumwalt South,0,Washington,2
2016-10-04,Camdenton,2,Waynesville,0
2016-10-04,Ozark,2,Webb City,0
2016-10-04,Cor Jesu Academy,2,Webster Groves,1
2016-10-04,St. Paul Lutheran (Concordia),2,Wellington-Napoleon,1
2016-10-04,Parkview,0,West Plains,2
2016-10-04,Penney,0,West Platte,2
2016-10-04,Ursuline Academy,2,Whitfield,0
2016-10-04,Carl Junction,0,Willard,2
2016-10-04,Staley,2,William Chrisman,0
2016-10-04,Sacred Heart,2,Windsor,0
2016-10-05,Rock Bridge,0,Battle,2
2016-10-05,St. Teresa's Academy,2,Benton,0
2016-10-05,Bishop LeBlond,2,Cameron,0
2016-10-05,Notre Dame (St. Louis),0,Duchesne,2
2016-10-05,Francis Howell North,0,Eureka,2
2016-10-05,Ft. Zumwalt East,0,Ft. Zumwalt North,2
2016-10-05,Versailles,0,Grandview,2
2016-10-05,Troy Buchanan,1,Hickman,2
2016-10-05,Miami (Amoret),2,Hume,0
2016-10-05,Clayton,0,John Burroughs,2
2016-10-05,Campbell,0,Malden,2
2016-10-05,Lindbergh,1,Marquette,2
2016-10-05,McCluer South-Berkeley,0,McCluer North,2
2016-10-05,Affton,0,Mehlville,2
2016-10-05,Northwest (Cedar Hill),0,Nerinx Hall,2
2016-10-05,Plattsburg,2,Nodaway-Holt,1
2016-10-05,Pattonville,0,Parkway Central,2
2016-10-05,Webster Groves,2,Parkway North,0
2016-10-05,Lafayette (Wildwood),2,Parkway South,0
2016-10-05,St. Vincent,1,Perryville,2
2016-10-05,Kirkwood,2,Ritenour,0
2016-10-05,Jackson,2,Seneca,0
2016-10-05,Portageville,2,Senath-Hornersville,1
2016-10-05,Lift for Life Academy Charter,1,Soldan International Studies,2
2016-10-05,Villa Duchesne,0,St. Pius X (Festus),2
2016-10-05,Cardinal Ritter,0,Trinity Catholic,2
2016-10-05,Whitfield,0,Westminster Christian Academy,2
2016-10-06,Midway,0,Adrian,2
2016-10-06,Richland (Essex),0,Advance,2
2016-10-06,Dexter,2,Advance,0
2016-10-06,Rich Hill,0,Archie,2
2016-10-06,East Newton,0,Aurora,2
2016-10-06,Calhoun,0,Ballard,2
2016-10-06,Duchesne,2,Barat Academy,0
2016-10-06,Bernie,2,Bell City,0
2016-10-06,Blue Springs South,2,Belton,0
2016-10-06,Bloomfield,0,Bernie,2
2016-10-06,Spokane,1,Billings,2
2016-10-06,John F. Kennedy,1,Bishop DuBourg,2
2016-10-06,South Iron,0,Bismarck,2
2016-10-06,Rock Bridge,0,Blair Oaks,2
2016-10-06,Puxico,0,Bloomfield,2
2016-10-06,Galena,0,Blue Eye,2
2016-10-06,Reeds Spring,2,Bolivar,1
2016-10-06,Dixon,0,Bourbon,2
2016-10-06,Wright City,0,Bowling Green,2
2016-10-06,Everton,0,Bradleyville,2
2016-10-06,Willard,2,Branson,0
2016-10-06,Northeast Vernon County,0,Bronaugh,2
2016-10-06,North Callaway,2,Brookfield,0
2016-10-06,Bishop LeBlond,2,Cameron,0
2016-10-06,Richmond,2,Carrollton,1
2016-10-06,Lamar,0,Cassville,2
2016-10-06,East (Kansas City),2,Central (Kansas City),1
2016-10-06,Sikeston,2,Central (New Madrid County),0
2016-10-06,Saxony Lutheran,2,Central (Park Hills),0
2016-10-06,Platte County,2,Central (St. Joseph),1
2016-10-06,Maryville,0,Chillicothe,2
2016-10-06,Risco,2,Clarkton,0
2016-10-06,Ladue Horton Watkins,2,Clayton,0
2016-10-06,Center,0,Clinton,2
2016-10-06,Smithton,0,Cole Camp,2
2016-10-06,Santa Fe,2,Concordia,0
2016-10-06,Incarnate Word Academy,0,Cor Jesu Academy,2
2016-10-06,Lutheran North,2,Crossroads College Preparatory,0
2016-10-06,Jefferson (Festus),2,DeSoto,0
2016-10-06,Woodland,0,Dexter,2
2016-10-06,Jasper,2,Diamond,0
2016-10-06,Stockton,2,El Dorado Springs,1
2016-10-06,Doniphan,2,Ellington,1
2016-10-06,Chamois,0,Eugene,2
2016-10-06,Harrisonville,0,Excelsior Springs,2
2016-10-06,Marionville,1,Fair Grove,2
2016-10-06,Notre Dame (Cape Girardeau),2,Festus,0
2016-10-06,Timberland,2,Ft. Zumwalt North,1
2016-10-06,Francis Howell Central,1,Ft. Zumwalt South,1
2016-10-06,North Pemiscot,1,Gideon,2
2016-10-06,Kickapoo,0,Glendale,2
2016-10-06,Warsaw,0,Grandview,2
2016-10-06,Warsaw,0,Grandview (Hillsboro),2
2016-10-06,La Monte,0,Green Ridge,2
2016-10-06,Liberal,2,Greenfield,0
2016-10-06,Cristo Rey,2,Guadalupe Centers Charter,0
2016-10-06,Southern Boone,2,Hallsville,0
2016-10-06,Fulton,0,Hannibal,2
2016-10-06,Hazelwood Central,2,Hazelwood West,1
2016-10-06,Father Tolton,0,Helias Catholic,2
2016-10-06,Webb City,0,Hermann,2
2016-10-06,West Plains,0,Hillcrest,2
2016-10-06,Mountain Grove,2,Houston,0
2016-10-06,Forsyth,2,Hurley,0
2016-10-06,Ste. Genevieve,2,Jackson,0
2016-10-06,Hickman,1,Jefferson City,2
2016-10-06,Bayless,2,Jennings,0
2016-10-06,Raytown South,0,Kearney,2
2016-10-06,Boonville,2,Kirksville,0
2016-10-06,Lexington,2,Knob Noster,0
2016-10-06,Benton,1,Lafayette (St. Joseph),2
2016-10-06,Holden,2,Lafayette County,0
2016-10-06,East Buchanan,2,Lathrop,0
2016-10-06,West Platte,2,Lawson,0
2016-10-06,Camdenton,1,Lebanon,2
2016-10-06,Blue Springs,2,Lee's Summit,1
2016-10-06,Park Hill,0,Lee's Summit North,2
2016-10-06,Raymore-Peculiar,0,Lee's Summit West,2
2016-10-06,Oak Ridge,0,Leopold,2
2016-10-06,Meadow Heights,0,Leopold,2
2016-10-06,Zalma,0,Leopold,2
2016-10-06,Park Hill South,2,Liberty,0
2016-10-06,Ava,0,Liberty (Mountain View),2
2016-10-06,Hollister,0,Logan-Rogersville,2
2016-10-06,St. Pius X (Festus),1,Lutheran South,2
2016-10-06,Portageville,0,Malden,2
2016-10-06,Mexico,0,Marshall,2
2016-10-06,Springfield Catholic,1,Marshfield,2
2016-10-06,McCluer North,2,McCluer,0
2016-10-06,Oak Ridge,1,Meadow Heights,1
2016-10-06,Zalma,1,Meadow Heights,1
2016-10-06,Penney,0,Mid-Buchanan,2
2016-10-06,Verona,0,Miller,2
2016-10-06,McDonald County,2,Monett,0
2016-10-06,St. Joseph's Academy,2,Nerinx Hall,0
2016-10-06,St. Pius X (Kansas City),2,Nevada,0
2016-10-06,Conway,2,Niangua,0
2016-10-06,Maplewood-Richmond Hts.,2,North Technical,0
2016-10-06,Seckman,1,Northwest (Cedar Hill),2
2016-10-06,Tipton,0,Northwest (Hughesville),2
2016-10-06,Barstow,0,Notre Dame de Sion,2
2016-10-06,Odessa,1,Oak Grove,2
2016-10-06,Winnetonka,0,Oak Park,2
2016-10-06,Zalma,2,Oak Ridge,0
2016-10-06,Mehlville,1,Oakville,2
2016-10-06,Summit Christian Academy,1,O'Hara,2
2016-10-06,Lone Jack,1,Orrick,2
2016-10-06,California,0,Osage,2
2016-10-06,Lakeland,0,Osceola,2
2016-10-06,Nixa,0,Ozark,2
2016-10-06,New Haven,2,Pacific,0
2016-10-06,Joplin,2,Parkview,0
2016-10-06,Rockwood Summit,1,Parkway Central,2
2016-10-06,Grandview,0,Pembroke Hill,2
2016-10-06,Lockwood,2,Pierce City,1
2016-10-06,North Platte,0,Plattsburg,2
2016-10-06,Grain Valley,0,Pleasant Hill,2
2016-10-06,Eminence,2,Poplar Bluff,0
2016-10-06,Orchard Farm,2,Principia,0
2016-10-06,Carthage,2,Republic,0
2016-10-06,John Burroughs,2,Ritenour,0
2016-10-06,Hazelwood East,2,Riverview Gardens,0
2016-10-06,St. James,0,Rock Port,2
2016-10-06,Fort Osage,2,Ruskin,0
2016-10-06,Cabool,2,Salem,0
2016-10-06,Golden City,0,Sarcoxie,2
2016-10-06,Sparta,0,Savannah,2
2016-10-06,Mt. Vernon,2,Seneca,1
2016-10-06,Lutheran (Kansas City),2,Sherwood,0
2016-10-06,Northeast (Kansas City),2,Southeast,0
2016-10-06,Purdy,2,Southwest (Washburn),0
2016-10-06,Crane,2,Union,1
2016-10-06,Ft. Zumwalt West,1,St. Dominic,2
2016-10-06,Francis Howell,2,St. Joseph's Academy,0
2016-10-06,St. Clair,2,St. James,1
2016-10-06,Crest Ridge,0,St. Paul Lutheran (Concordia),2
2016-10-06,North Kansas City,1,Staley,2
2016-10-06,Sacred Heart,2,Willard,1
2016-10-06,Skyline,0,Winona,2
2016-10-06,Willow Springs,2,Thayer,0
2016-10-06,Liberty North,0,St. Charles,2
2016-10-06,Kennett,1,St. Clair,2
2016-10-06,Owensville,0,Union,2
2016-10-06,Visitation Academy,1,Ursuline Academy,2
2016-10-06,Potosi,0,Valle Catholic,2
2016-10-06,Herculaneum,2,Valley Park,0
2016-10-06,Bunker,0,Viburnum,2
2016-10-06,Savannah,0,Warrensburg,2
2016-10-06,Holt,1,Washington,2
2016-10-06,Rolla,2,Waynesville,1
2016-10-06,Neosho,0,Webb City,2
2016-10-06,Wellington-Napoleon,2,Wentworth Military Academy,0
2016-10-06,Lindbergh,2,Westminster Christian Academy,0
2016-10-06,Lincoln,0,Windsor,2
2016-10-06,Liberty (Wentzville),0,Winfield,2
2016-10-06,Wright City,1,Winona,2
2016-10-07,Bloomfield,2,Advance,0
2016-10-07,Bayless,0,Brentwood,2
2016-10-07,West Plains,0,Carnahan,2
2016-10-07,Bismarck,2,Clearwater,0
2016-10-07,Waynesville,0,Cleveland NJROTC,2
2016-10-07,Maplewood-Richmond Hts.,1,Crossroads College Preparatory,2
2016-10-07,Bernie,1,Dexter,2
2016-10-07,Liberty (Wentzville),0,Duchesne,2
2016-10-07,St. Charles,1,Ft. Zumwalt East,2
2016-10-07,Metro,2,Gateway,0
2016-10-07,Risco,0,Gideon,2
2016-10-07,Valley Park,0,Hancock,2
2016-10-07,Parkway North,2,Hazelwood East,0
2016-10-07,Otterville,0,La Monte,2
2016-10-07,Bishop DuBourg,0,Lutheran St. Charles,2
2016-10-07,Principia,2,McCluer North,0
2016-10-07,Barat Academy,0,McCluer North,2
2016-10-07,Wright City,2,McCluer North,0
2016-10-07,North Technical,2,McCluer South-Berkeley,0
2016-10-07,Collegiate School of Med-Bio Science,2,McKinley Classical Leadership,1
2016-10-07,Ladue Horton Watkins,2,Mehlville,0
2016-10-07,Roosevelt,0,Miller Career Academy,2
2016-10-07,Fox,2,Parkway Central,0
2016-10-07,Webster Groves,2,Pattonville,0
2016-10-07,Barat Academy,0,Principia,2
2016-10-07,Ballard,2,Sheldon,0
2016-10-07,Bunker,0,South Iron,2
2016-10-07,Soldan International Studies,2,Transportation and Law,0
2016-10-07,Lutheran North,0,Whitfield,2
2016-10-07,Principia,2,Wright City,1
2016-10-07,Barat Academy,0,Wright City,2
2016-10-08,Midway,0,Adrian,2
2016-10-08,Lakeland,0,Adrian,2
2016-10-08,Osceola,2,Archie,0
2016-10-08,Rich Hill,2,Archie,0
2016-10-08,Union,1,Ava,1
2016-10-08,Forsyth,2,Ava,0
2016-10-08,Salem,0,Ava,2
2016-10-08,Miami (Amoret),2,Ballard,0
2016-10-08,Northeast Vernon County,1,Ballard,2
2016-10-08,Father Tolton,2,Belle,0
2016-10-08,Eugene,2,Belle,0
2016-10-08,Montgomery County,0,Belle,2
2016-10-08,Excelsior Springs,0,Belton,2
2016-10-08,O'Hara,1,Belton,1
2016-10-08,Raytown South,0,Belton,2
2016-10-08,St. Paul Lutheran (Concordia),0,Belton,2
2016-10-08,Grain Valley,2,Belton,0
2016-10-08,Miller,1,Billings,1
2016-10-08,Fordland,0,Billings,2
2016-10-08,Marshall,0,Blair Oaks,2
2016-10-08,Warsaw,0,Blair Oaks,2
2016-10-08,Eldon,0,Blair Oaks,2
2016-10-08,California,0,Blair Oaks,2
2016-10-08,North Kansas City,1,Blue Springs,1
2016-10-08,Platte County,0,Blue Springs,2
2016-10-08,Park Hill South,1,Blue Springs,1
2016-10-08,Lee's Summit,0,Blue Springs,2
2016-10-08,Lee's Summit West,2,Blue Springs,1
2016-10-08,Battle,1,Bolivar,1
2016-10-08,Butler,0,Bolivar,2
2016-10-08,Linn,2,Bourbon,0
2016-10-08,Cuba,2,Bourbon,0
2016-10-08,New Heights Christian,0,Branson,2
2016-10-08,Miami (Amoret),0,Bronaugh,2
2016-10-08,Hume,0,Bronaugh,2
2016-10-08,Father Tolton,2,Calvary Lutheran,1
2016-10-08,Lee's Summit North,2,Carl Junction,0
2016-10-08,Lafayette (Wildwood),2,Carl Junction,1
2016-10-08,Warrenton,0,Carl Junction,2
2016-10-08,Licking,1,Cassville,1
2016-10-08,Hollister,1,Cassville,1
2016-10-08,Thayer,0,Clever,2
2016-10-08,Hillcrest,2,Clinton,0
2016-10-08,Butler,1,Clinton,1
2016-10-08,Nevada,2,Clinton,0
2016-10-08,Battle,2,Clinton,0
2016-10-08,Fatima,2,Cole Camp,0
2016-10-08,St. Pius X (Kansas City),2,Cole Camp,0
2016-10-08,Concordia,0,Cole Camp,2
2016-10-08,O'Hara,2,Cole Camp,1
2016-10-08,Sparta,0,Cole Camp,2
2016-10-08,Grain Valley,2,Concordia,0
2016-10-08,Visitation Academy,1,Concordia,1
2016-10-08,Green Ridge,2,Crystal City,0
2016-10-08,Versailles,2,Crystal City,0
2016-10-08,Linn,1,Cuba,1
2016-10-08,Wheaton,1,Diamond,1
2016-10-08,Branson,2,Diamond,0
2016-10-08,Lakeland,0,Drexel,2
2016-10-08,Rich Hill,2,Drexel,1
2016-10-08,Branson,2,East Newton,0
2016-10-08,Diamond,2,East Newton,0
2016-10-08,New Heights Christian,2,East Newton,0
2016-10-08,Willard,1,Eldon,1
2016-10-08,California,2,Eldon,0
2016-10-08,Hallsville,0,Eldon,2
2016-10-08,Calvary Lutheran,2,Eugene,0
2016-10-08,Tipton,1,Eugene,1
2016-10-08,O'Hara,0,Excelsior Springs,2
2016-10-08,Pleasant Hill,2,Excelsior Springs,0
2016-10-08,St. Pius X (Kansas City),2,Fatima,0
2016-10-08,Grain Valley,2,Fatima,1
2016-10-08,Miller,2,Fordland,0
2016-10-08,Union,0,Forsyth,2
2016-10-08,Billings,2,Forsyth,1
2016-10-08,Salem,0,Forsyth,2
2016-10-08,Lee's Summit North,2,Glendale,0
2016-10-08,Carl Junction,1,Glendale,1
2016-10-08,Warrenton,0,Glendale,2
2016-10-08,Nixa,2,Glendale,0
2016-10-08,Pleasant Hill,2,Grain Valley,0
2016-10-08,Visitation Academy,0,Grain Valley,2
2016-10-08,Fatima,1,Grandview,1
2016-10-08,Cole Camp,2,Grandview,0
2016-10-08,St. Pius X (Kansas City),2,Grandview,0
2016-10-08,Visitation Academy,2,Grandview,0
2016-10-08,Versailles,1,Green Ridge,1
2016-10-08,Willard,2,Hallsville,0
2016-10-08,California,2,Hallsville,0
2016-10-08,Warrensburg,2,Harrisonville,0
2016-10-08,Bolivar,2,Harrisonville,0
2016-10-08,Hillcrest,2,Harrisonville,0
2016-10-08,Battle,2,Harrisonville,0
2016-10-08,Nevada,0,Hillcrest,2
2016-10-08,Butler,0,Hillcrest,2
2016-10-08,Bolivar,2,Hillcrest,1
2016-10-08,Licking,1,Hollister,1
2016-10-08,Clever,2,Hollister,0
2016-10-08,Sheldon,0,Hume,2
2016-10-08,Staley,1,Kearney,1
2016-10-08,Nixa,0,Lafayette (Wildwood),2
2016-10-08,Republic,0,Lafayette (Wildwood),2
2016-10-08,Lee's Summit North,0,Lafayette (Wildwood),2
2016-10-08,Ozark,0,Lafayette (Wildwood),2
2016-10-08,Veritas Christian Academy,0,Lafayette (Wildwood),2
2016-10-08,Penney,0,Lafayette County,2
2016-10-08,Odessa,2,Lafayette County,0
2016-10-08,Lawson,2,Lafayette County,0
2016-10-08,Versailles,0,Lafayette County,2
2016-10-08,Penney,0,Lawson,2
2016-10-08,Lexington,2,Lawson,0
2016-10-08,Odessa,2,Lawson,0
2016-10-08,Versailles,0,Lawson,2
2016-10-08,Fort Osage,0,Lee's Summit,2
2016-10-08,Winnetonka,1,Lee's Summit,1
2016-10-08,Lee's Summit West,2,Lee's Summit,0
2016-10-08,Warrenton,0,Lee's Summit North,2
2016-10-08,Notre Dame de Sion,0,Lee's Summit North,2
2016-10-08,Fort Osage,0,Lee's Summit West,2
2016-10-08,Winnetonka,0,Lee's Summit West,2
2016-10-08,Park Hill South,2,Lee's Summit West,0
2016-10-08,Platte County,0,Lee's Summit West,2
2016-10-08,Park Hill,0,Lee's Summit West,2
2016-10-08,Penney,0,Lexington,2
2016-10-08,Versailles,0,Lexington,2
2016-10-08,Odessa,1,Lexington,2
2016-10-08,Raymore-Peculiar,1,Liberty,1
2016-10-08,Park Hill South,2,Liberty,0
2016-10-08,Oak Park,1,Liberty,1
2016-10-08,St. Charles,1,Liberty,2
2016-10-08,Raymore-Peculiar,1,Marquette,1
2016-10-08,Oak Park,1,Marquette,1
2016-10-08,Park Hill,2,Marquette,0
2016-10-08,Liberty,2,Marquette,0
2016-10-08,Warsaw,0,Marshall,2
2016-10-08,Blue Eye,0,Marshfield,2
2016-10-08,Clever,2,Marshfield,1
2016-10-08,Wheaton,0,McDonald County,2
2016-10-08,Branson,2,McDonald County,0
2016-10-08,Diamond,0,McDonald County,2
2016-10-08,Sheldon,0,Miami (Amoret),2
2016-10-08,Rich Hill,0,Midway,2
2016-10-08,Osceola,1,Midway,2
2016-10-08,Union,0,Miller,2
2016-10-08,Tipton,0,Montgomery County,2
2016-10-08,Father Tolton,2,Montgomery County,0
2016-10-08,Butler,0,Nevada,2
2016-10-08,Warrensburg,0,Nevada,2
2016-10-08,Battle,1,Nevada,2
2016-10-08,Bolivar,2,Nevada,1
2016-10-08,Republic,0,Nixa,2
2016-10-08,Veritas Christian Academy,0,Nixa,2
2016-10-08,Platte County,0,North Kansas City,2
2016-10-08,Park Hill South,2,North Kansas City,0
2016-10-08,Winnetonka,0,North Kansas City,2
2016-10-08,St. Joseph Christian,0,North Platte,2
2016-10-08,Sheldon,2,Northeast Vernon County,1
2016-10-08,Springfield Catholic,0,Notre Dame de Sion,2
2016-10-08,Raymore-Peculiar,1,Oak Park,1
2016-10-08,Kearney,0,Oak Park,2
2016-10-08,Visitation Academy,0,O'Hara,2
2016-10-08,Marshall,0,Osage,2
2016-10-08,Blair Oaks,2,Osage,0
2016-10-08,Warsaw,0,Osage,2
2016-10-08,Winona,0,Ozark,2
2016-10-08,Nixa,0,Ozark,2
2016-10-08,Springfield Catholic,0,Ozark,2
2016-10-08,Notre Dame de Sion,0,Ozark,2
2016-10-08,St. Charles,0,Park Hill,2
2016-10-08,Staley,0,Park Hill,2
2016-10-08,Kearney,1,Park Hill,1
2016-10-08,Platte County,0,Park Hill South,2
2016-10-08,Fort Osage,0,Park Hill South,2
2016-10-08,St. Paul Lutheran (Concordia),1,Pleasant Hill,1
2016-10-08,Sparta,0,Pleasant Hill,2
2016-10-08,St. Pius X (Kansas City),0,Pleasant Hill,2
2016-10-08,Billings,2,Purdy,0
2016-10-08,Miller,2,Purdy,0
2016-10-08,Fordland,1,Purdy,1
2016-10-08,Staley,2,Raymore-Peculiar,1
2016-10-08,Concordia,0,Raytown,2
2016-10-08,St. Pius X (Kansas City),2,Raytown,0
2016-10-08,Grain Valley,2,Raytown,0
2016-10-08,Visitation Academy,1,Raytown,1
2016-10-08,Excelsior Springs,1,Raytown South,1
2016-10-08,O'Hara,2,Raytown South,0
2016-10-08,Sparta,2,Raytown South,0
2016-10-08,Clever,2,Reeds Spring,0
2016-10-08,Thayer,0,Reeds Spring,2
2016-10-08,Licking,0,Reeds Spring,2
2016-10-08,Blue Eye,0,Reeds Spring,2
2016-10-08,Winona,0,Republic,2
2016-10-08,Veritas Christian Academy,1,Republic,1
2016-10-08,Union,2,Salem,0
2016-10-08,St. Paul Lutheran (Concordia),2,Savannah,0
2016-10-08,Pleasant Hill,2,Savannah,0
2016-10-08,Sparta,2,Savannah,0
2016-10-08,O'Hara,2,Savannah,0
2016-10-08,St. Paul Lutheran (Concordia),2,Sparta,0
2016-10-08,Green Ridge,1,Southern Boone,1
2016-10-08,Versailles,1,Southern Boone,1
2016-10-08,Crystal City,0,Southern Boone,2
2016-10-08,Osage,2,Southern Boone,1
2016-10-08,Linn,1,St. James,1
2016-10-08,Cuba,1,St. James,1
2016-10-08,Bourbon,0,St. James,2
2016-10-08,California,2,Willard,0
2016-10-08,Calvary Lutheran,2,Tipton,0
2016-10-08,St. Joseph Christian,0,Troy Buchanan,2
2016-10-08,Staley,1,St. Charles,1
2016-10-08,Kearney,2,St. Charles,0
2016-10-08,Penney,1,Versailles,1
2016-10-08,California,2,Versailles,0
2016-10-08,Bolivar,1,Warrensburg,1
2016-10-08,Battle,2,Warrensburg,0
2016-10-08,Winona,2,Warrenton,0
2016-10-08,New Heights Christian,1,Wheaton,2
2016-10-08,Fort Osage,0,Winnetonka,2
2016-10-08,Notre Dame de Sion,2,Winona,0
2016-10-08,Springfield Catholic,1,Winona,1
2016-10-10,Valley,0,Arcadia Valley,2
2016-10-10,Kingsville,2,Archie,1
2016-10-10,Advance,2,Bell City,0
2016-10-10,Bourbon,2,Belle,0
2016-10-10,Grain Valley,2,Belton,1
2016-10-10,Lawson,0,Bishop LeBlond,2
2016-10-10,Valley,0,Bismarck,2
2016-10-10,Arcadia Valley,2,Bismarck,1
2016-10-10,Ash Grove,1,Bolivar,2
2016-10-10,Lathrop,2,Brookfield,1
2016-10-10,El Dorado Springs,0,Buffalo,2
2016-10-10,Chamois,1,Bunceton,2
2016-10-10,Ellington,2,Bunker,0
2016-10-10,Chilhowee,2,Calhoun,0
2016-10-10,La Monte,2,Calhoun,0
2016-10-10,Northeast (Kansas City),2,Central (Kansas City),0
2016-10-10,Ste. Genevieve,2,Central (Park Hills),0
2016-10-10,Joplin,2,Central (Springfield),0
2016-10-10,Seneca,0,Clearwater,2
2016-10-10,McKinley Classical Leadership,0,Cleveland NJROTC,2
2016-10-10,Fair Grove,2,Conway,0
2016-10-10,Villa Duchesne,0,Cor Jesu Academy,2
2016-10-10,Springfield Catholic,1,Crane,2
2016-10-10,Windsor,2,Crest Ridge,0
2016-10-10,Owensville,2,Cuba,1
2016-10-10,Centralia,1,Eldon,2
2016-10-10,Licking,0,Eminence,2
2016-10-10,Fredericktown,0,Farmington,2
2016-10-10,Kingston,0,Farmington,2
2016-10-10,Northwest (Cedar Hill),2,Festus,0
2016-10-10,Blue Eye,0,Forsyth,2
2016-10-10,Hillsboro,2,Fox,0
2016-10-10,Rockwood Summit,1,Francis Howell Central,2
2016-10-10,Kingston,0,Fredericktown,2
2016-10-10,Pattonville,0,Ft. Zumwalt East,2
2016-10-10,Pacific,0,Ft. Zumwalt North,2
2016-10-10,Hickman,2,Fulton,0
2016-10-10,Union,2,Galena,1
2016-10-10,West Plains,1,Gateway,2
2016-10-10,Hancock,0,Grandview (Hillsboro),2
2016-10-10,New Heights Christian,2,Greenfield,0
2016-10-10,Lesterville,2,Greenville,0
2016-10-10,Tipton,0,Hallsville,2
2016-10-10,McCluer South-Berkeley,0,Hazelwood East,2
2016-10-10,St. Joseph's Academy,2,Hermann,1
2016-10-10,East (Kansas City),0,Hogan Prep Academy Charter,2
2016-10-10,Whitfield,0,John Burroughs,2
2016-10-10,Parkway Central,0,Ladue Horton Watkins,2
2016-10-10,St. Vincent,2,Leopold,0
2016-10-10,Lakeland,1,Lincoln,2
2016-10-10,Kirkwood,0,Lindbergh,2
2016-10-10,Stockton,0,Lockwood,2
2016-10-10,Maplewood-Richmond Hts.,1,Lutheran North,2
2016-10-10,Hurley,0,Marionville,2
2016-10-10,University City,0,McCluer,2
2016-10-10,South Iron,2,Meadow Heights,1
2016-10-10,Miller Career Academy,0,Metro,2
2016-10-10,Hannibal,2,Mexico,0
2016-10-10,Sheldon,0,Miami (Amoret),2
2016-10-10,Battle,2,Montgomery County,0
2016-10-10,Marshfield,2,Mountain Grove,0
2016-10-10,Eureka,2,Nerinx Hall,1
2016-10-10,Central (Park Hills),1,North County,2
2016-10-10,Ste. Genevieve,2,North County,0
2016-10-10,Hazelwood Central,2,North Technical,0
2016-10-10,Dexter,1,Notre Dame (Cape Girardeau),2
2016-10-10,Warrensburg,2,Oak Grove,1
2016-10-10,Bowling Green,0,Orchard Farm,2
2016-10-10,Holden,2,Osceola,0
2016-10-10,Northwest (Hughesville),2,Otterville,0
2016-10-10,Lexington,2,Penney,0
2016-10-10,Central (Cape Girardeau),0,Poplar Bluff,2
2016-10-10,West County,0,Potosi,2
2016-10-10,Valle Catholic,2,Potosi,0
2016-10-10,Doniphan,0,Puxico,2
2016-10-10,Raytown,2,Raytown South,0
2016-10-10,Branson,2,Reeds Spring,0
2016-10-10,Liberal,2,Rich Hill,0
2016-10-10,Trinity Catholic,0,Ritenour,2
2016-10-10,Bishop DuBourg,1,Springfield Catholic,2
2016-10-10,Linn,2,Sarcoxie,0
2016-10-10,Jefferson (Festus),2,Saxony Lutheran,1
2016-10-10,University Academy Charter,0,Sherwood,2
2016-10-10,California,2,Savannah,0
2016-10-10,Collegiate School of Med-Bio Science,0,Soldan International Studies,2
2016-10-10,Lincoln College Prep,2,Southeast,0
2016-10-10,Duchesne,2,St. Charles West,0
2016-10-10,DeSoto,2,St. Clair,1
2016-10-10,Windsor (Imperial),0,St. Pius X (Festus),2
2016-10-10,Carthage,0,Winona,2
2016-10-10,Golden City,2,Thomas Jefferson Independent Day,0
2016-10-10,Roosevelt,1,Transportation and Law,1
2016-10-10,St. Joseph Christian,2,Trenton,0
2016-10-10,Warrenton,0,Union,2
2016-10-10,Carnahan,2,Waynesville,0
2016-10-10,Willard,2,Versailles,0
2016-10-10,Warsaw,0,Viburnum,2
2016-10-10,Cole Camp,2,Warsaw,0
2016-10-10,Liberty (Mountain View),2,Waynesville,1
2016-10-10,Summit Christian Academy,2,Wellington-Napoleon,0
2016-10-10,Valle Catholic,2,West County,0
2016-10-10,St. Dominic,2,Westminster Christian Academy,0
2016-10-10,Fordland,0,Willow Springs,2
2016-10-10,Grandview,0,Winnetonka,2
2016-10-10,Bernie,2,Woodland,0
2016-10-10,Risco,2,Zalma,0
2016-10-11,Ritenour,1,Affton,2
2016-10-11,Pleasant Hope,0,Ash Grove,2
2016-10-11,Chilhowee,0,Ballard,2
2016-10-11,Valley Park,0,Bayless,2
2016-10-11,Bloomfield,2,Bell City,0
2016-10-11,Clever,2,Billings,1
2016-10-11,Raymore-Peculiar,0,Blue Springs South,2
2016-10-11,Webb City,0,Branson,2
2016-10-11,Maplewood-Richmond Hts.,0,Brentwood,2
2016-10-11,Liberty (Mountain View),2,Cabool,0
2016-10-11,Otterville,2,Calhoun,0
2016-10-11,Hallsville,0,California,2
2016-10-11,Eugene,0,Calvary Lutheran,2
2016-10-11,Parkview,0,Camdenton,2
2016-10-11,Miller Career Academy,1,Cardinal Ritter,2
2016-10-11,Aurora,2,Cassville,0
2016-10-11,Nevada,2,Center,0
2016-10-11,Notre Dame (Cape Girardeau),2,Central (Cape Girardeau),0
2016-10-11,Charleston,0,Central (New Madrid County),2
2016-10-11,Oran,1,Central (New Madrid County),1
2016-10-11,Kennett,2,Central (New Madrid County),0
2016-10-11,Seneca,1,Central (New Madrid County),1
2016-10-11,West County,1,Central (Park Hills),2
2016-10-11,Spokane,0,Central (Springfield),2
2016-10-11,Father Tolton,2,Centralia,0
2016-10-11,Bradleyville,1,Chadwick,2
2016-10-11,Missouri School for the Deaf,0,Chamois,2
2016-10-11,Seneca,2,Charleston,0
2016-10-11,Kennett,2,Charleston,0
2016-10-11,Oran,2,Charleston,0
2016-10-11,Benton,0,Chillicothe,2
2016-10-11,Caruthersville,1,Cooter,1
2016-10-11,Forsyth,2,Crane,1
2016-10-11,Hancock,0,Crossroads College Preparatory,2
2016-10-11,Bourbon,0,Cuba,2
2016-10-11,Eldon,2,Dixon,0
2016-10-11,Ellington,2,Doniphan,0
2016-10-11,Lawson,2,East Buchanan,0
2016-10-11,McDonald County,0,East Newton,2
2016-10-11,Fulton,0,Fatima,2
2016-10-11,William Chrisman,1,Fort Osage,2
2016-10-11,Ft. Zumwalt West,1,Francis Howell Central,2
2016-10-11,Francis Howell,2,Francis Howell North,0
2016-10-11,Ft. Zumwalt North,1,Ft. Zumwalt South,1
2016-10-11,St. Clair,0,Gideon,2
2016-10-11,Oak Grove,0,Grain Valley,2
2016-10-11,North Kansas City,2,Grandview,1
2016-10-11,Campbell,0,Greenville,2
2016-10-11,Odessa,0,Harrisonville,2
2016-10-11,McCluer North,0,Hazelwood Central,2
2016-10-11,Hazelwood West,2,Hazelwood East,1
2016-10-11,St. Joseph's Academy,2,Helias Catholic,0
2016-10-11,Malden,2,Holcomb,0
2016-10-11,Richmond,0,Holden,2
2016-10-11,Winona,2,Hollister,0
2016-10-11,Buffalo,0,Hollister,2
2016-10-11,Ft. Zumwalt East,0,Holt,2
2016-10-11,Thayer,0,Houston,2
2016-10-11,St. Dominic,2,Incarnate Word Academy,1
2016-10-11,Notre Dame (Cape Girardeau),0,Jackson,2
2016-10-11,Poplar Bluff,0,Jackson,2
2016-10-11,Central (Cape Girardeau),0,Jackson,2
2016-10-11,Sikeston,0,Jackson,2
2016-10-11,Festus,2,Jefferson (Festus),1
2016-10-11,Blair Oaks,2,Jefferson City,0
2016-10-11,St. Joseph's Academy,2,John F. Kennedy,0
2016-10-11,West Plains,0,Joplin,2
2016-10-11,Waynesville,0,Kickapoo,2
2016-10-11,Central (Park Hills),2,Kingston,0
2016-10-11,Valley,2,Kingston,0
2016-10-11,Hannibal,2,Kirksville,0
2016-10-11,Tipton,2,La Monte,0
2016-10-11,Knob Noster,2,Lafayette County,1
2016-10-11,Kingsville,2,Lakeland,0
2016-10-11,Seneca,2,Lamar,0
2016-10-11,Hillcrest,0,Lebanon,2
2016-10-11,Lee's Summit,0,Lee's Summit West,2
2016-10-11,Bernie,2,Leopold,0
2016-10-11,Carrollton,0,Lexington,2
2016-10-11,Sarcoxie,1,Liberal,2
2016-10-11,Central (St. Joseph),1,Liberty North,2
2016-10-11,Willard,2,Lincoln,0
2016-10-11,Jasper,0,Lockwood,2
2016-10-11,Archie,1,Lone Jack,2
2016-10-11,Santa Fe,2,Lutheran (Kansas City),1
2016-10-11,Principia,0,Lutheran South,2
2016-10-11,Winfield,0,Lutheran St. Charles,2
2016-10-11,Riverview Gardens,0,McCluer,2
2016-10-11,Webster Groves,2,Mehlville,0
2016-10-11,Boonville,2,Mexico,0
2016-10-11,Visitation Academy,0,MICDS,2
2016-10-11,Lathrop,1,Mid-Buchanan,2
2016-10-11,Diamond,0,Miller,2
2016-10-11,Ava,0,Mountain Grove,2
2016-10-11,Monett,0,Mt. Vernon,2
2016-10-11,Carthage,2,Neosho,0
2016-10-11,McAuley Catholic,0,New Heights Christian,2
2016-10-11,Everton,0,Niangua,2
2016-10-11,Carl Junction,2,Nixa,1
2016-10-11,West Platte,2,North Platte,0
2016-10-11,Fox,0,Northwest (Cedar Hill),2
2016-10-11,St. Paul Lutheran (Farmington),0,Oak Ridge,2
2016-10-11,St. Pius X (Kansas City),2,O'Hara,0
2016-10-11,Kennett,0,Oran,2
2016-10-11,Seneca,0,Oran,2
2016-10-11,Webb City,2,Owensville,0
2016-10-11,Blue Springs,2,Park Hill,1
2016-10-11,St. Charles,0,Park Hill South,2
2016-10-11,Seckman,2,Parkway South,1
2016-10-11,Westminster Christian Academy,0,Parkway West,1
2016-10-11,Plattsburg,2,Penney,0
2016-10-11,Belton,1,Platte County,2
2016-10-11,Excelsior Springs,0,Pleasant Hill,2
2016-10-11,Notre Dame (Cape Girardeau),1,Poplar Bluff,1
2016-10-11,Sikeston,0,Poplar Bluff,2
2016-10-11,Central (Cape Girardeau),0,Poplar Bluff,2
2016-10-11,Liberty,2,Raytown,0
2016-10-11,Logan-Rogersville,2,Reeds Spring,0
2016-10-11,Butler,2,Rich Hill,0
2016-10-11,Clarkton,0,Richland (Essex),2
2016-10-11,Summersville,0,Risco,2
2016-10-11,Nerinx Hall,2,Rockwood Summit,0
2016-10-11,Glendale,2,Rolla,0
2016-10-11,Lift for Life Academy Charter,2,Roosevelt,0
2016-10-11,Staley,2,Ruskin,0
2016-10-11,Cole Camp,2,Sacred Heart,1
2016-10-11,Trenton,0,Savannah,2
2016-10-11,Kennett,0,Seneca,2
2016-10-11,Hayti,0,Senath-Hornersville,2
2016-10-11,Notre Dame (Cape Girardeau),2,Sikeston,0
2016-10-11,Central (Cape Girardeau),0,Sikeston,2
2016-10-11,Marionville,2,Skyline,0
2016-10-11,Marshall,1,Savannah,2
2016-10-11,Northwest (Hughesville),2,Smithton,1
2016-10-11,Maryville,1,Sparta,2
2016-10-11,Clearwater,1,South Iron,2
2016-10-11,Osage,1,Southern Boone,2
2016-10-11,Delta (Deering),0,Southland,2
2016-10-11,Exeter,0,Southwest (Washburn),2
2016-10-11,Bolivar,2,Springfield Catholic,1
2016-10-11,Veritas Christian Academy,0,St. Charles,2
2016-10-11,Duchesne,2,St. Charles West,0
2016-10-11,New Haven,2,St. Clair,0
2016-10-11,Pacific,2,St. James,0
2016-10-11,Lafayette (St. Joseph),2,St. Joseph Christian,0
2016-10-11,Advance,1,St. Vincent,2
2016-10-11,Fair Grove,2,Stockton,0
2016-10-11,Eminence,2,Wright City,0
2016-10-11,Timberland,2,Troy Buchanan,0
2016-10-11,Hermann,2,Union,0
2016-10-11,Northeast (Kansas City),0,University Academy Charter,2
2016-10-11,St. Pius X (Festus),0,Ursuline Academy,2
2016-10-11,West County,2,Valley,0
2016-10-11,Lincoln College Prep,0,Versailles,2
2016-10-11,Galena,2,Verona,0
2016-10-11,Clinton,0,Warrensburg,2
2016-10-11,Winfield,0,Warrenton,2
2016-10-11,Liberty (Wentzville),0,Washington,2
2016-10-11,Purdy,0,Wheaton,2
2016-10-11,Republic,0,Willard,2
2016-10-11,Salem,0,Willow Springs,2
2016-10-11,Green Ridge,2,Windsor,0
2016-10-11,Kearney,2,Winnetonka,0
2016-10-11,Lesterville,0,Winona,2
2016-10-11,North Callaway,1,Wright City,2
2016-10-11,Puxico,2,Zalma,0
2016-10-12,Cardinal Ritter,0,Bayless,2
2016-10-12,Herculaneum,2,Bishop DuBourg,1
2016-10-12,Grandview (Hillsboro),2,Bourbon,0
2016-10-12,Raytown,0,Central (St. Joseph),2
2016-10-12,St. Pius X (Kansas City),2,Clinton,0
2016-10-12,Springfield Catholic,1,Crane,2
2016-10-12,Mehlville,0,Eureka,2
2016-10-12,Southern Boone,0,Father Tolton,2
2016-10-12,Bismarck,2,Fredericktown,1
2016-10-12,North County,1,Fredericktown,2
2016-10-12,St. Charles West,0,Hazelwood West,2
2016-10-12,Battle,0,Holt,2
2016-10-12,Lift for Life Academy Charter,0,Jennings,2
2016-10-12,Crossroads College Preparatory,2,Metro,1
2016-10-12,North Callaway,2,Missouri School for the Deaf,0
2016-10-12,Potosi,2,North County,0
2016-10-12,William Chrisman,0,Oak Park,2
2016-10-12,Miller,2,Pierce City,1
2016-10-12,Bismarck,2,Potosi,0
2016-10-12,Valley Park,0,Principia,2
2016-10-12,West Plains,2,Roosevelt,0
2016-10-12,Trinity Catholic,1,Springfield Catholic,2
2016-10-12,DeSoto,1,Seckman,2
2016-10-12,Crystal City,2,St. Paul Lutheran (Farmington),1
2016-10-12,Northland Christian,2,Summit Christian Academy,0
2016-10-13,Valle Catholic,2,Arcadia Valley,0
2016-10-13,Ste. Genevieve,1,Arcadia Valley,2
2016-10-13,McDonald County,0,Aurora,2
2016-10-13,Central (Springfield),2,Ava,0
2016-10-13,Woodland,2,Bell City,0
2016-10-13,Cuba,2,Belle,0
2016-10-13,Winnetonka,2,Belton,1
2016-10-13,Affton,2,Bishop DuBourg,0
2016-10-13,Versailles,0,Blair Oaks,2
2016-10-13,Zalma,0,Bloomfield,3
2016-10-13,Lee's Summit North,0,Blue Springs,2
2016-10-13,Hannibal,2,Boonville,0
2016-10-13,Sheldon,0,Bronaugh,2
2016-10-13,St. Paul Lutheran (Farmington),1,Bunker,1
2016-10-13,Archie,0,Butler,2
2016-10-13,Confluence Prep Academy Charter,0,Cardinal Ritter,2
2016-10-13,Holden,2,Carrollton,0
2016-10-13,Seneca,2,Cassville,0
2016-10-13,Savannah,2,Center,0
2016-10-13,Central (New Madrid County),2,Central (Cape Girardeau),1
2016-10-13,Linn,2,Chamois,1
2016-10-13,St. Paul Lutheran (Concordia),2,Concordia,0
2016-10-13,Lutheran South,2,Cor Jesu Academy,1
2016-10-13,North Pemiscot,2,Delta (Deering),0
2016-10-13,Lockwood,2,Diamond,1
2016-10-13,St. Joseph's Academy,2,Duchesne,0
2016-10-13,Southeast,1,East (Kansas City),2
2016-10-13,University Academy Charter,2,East (Kansas City),0
2016-10-13,Rock Port,1,East Buchanan,1
2016-10-13,Mt. Vernon,2,East Newton,0
2016-10-13,Hallsville,0,Eldon,2
2016-10-13,Cabool,0,Eminence,2
2016-10-13,Centralia,0,Eugene,2
2016-10-13,Golden City,2,Everton,0
2016-10-13,Grain Valley,2,Excelsior Springs,0
2016-10-13,Verona,2,Exeter,1
2016-10-13,Forsyth,0,Fair Grove,2
2016-10-13,Ste. Genevieve,0,Farmington,2
2016-10-13,Valle Catholic,1,Farmington,2
2016-10-13,North Callaway,0,Father Tolton,2
2016-10-13,St. Pius X (Festus),2,Festus,0
2016-10-13,Parkway North,0,Fox,2
2016-10-13,Lafayette (Wildwood),1,Francis Howell,2
2016-10-13,St. Charles,2,Francis Howell North,0
2016-10-13,Francis Howell Central,1,Ft. Zumwalt East,1
2016-10-13,Ft. Zumwalt North,2,Ft. Zumwalt West,0
2016-10-13,Mexico,1,Fulton,2
2016-10-13,Raytown South,0,Grandview,2
2016-10-13,Oak Ridge,1,Grandview (Hillsboro),2
2016-10-13,South Iron,0,Greenville,2
2016-10-13,Hazelwood East,0,Hazelwood Central,2
2016-10-13,McCluer,0,Hazelwood West,2
2016-10-13,Jefferson City,0,Helias Catholic,2
2016-10-13,Glendale,2,Hillcrest,0
2016-10-13,St. Clair,0,Hillsboro,2
2016-10-13,Winona,2,Houston,0
2016-10-13,Rich Hill,2,Hume,0
2016-10-13,Billings,2,Hurley,0
2016-10-13,Notre Dame (Cape Girardeau),2,Jackson,1
2016-10-13,Poplar Bluff,1,Jackson,2
2016-10-13,Central (New Madrid County),0,Jackson,2
2016-10-13,Thomas Jefferson Independent Day,0,Jasper,2
2016-10-13,University City,0,John Burroughs,2
2016-10-13,Liberty North,0,Kearney,2
2016-10-13,West Plains,1,Kickapoo,2
2016-10-13,MICDS,0,Ladue Horton Watkins,2
2016-10-13,Cameron,0,Lafayette (St. Joseph),2
2016-10-13,Lone Jack,0,Lathrop,2
2016-10-13,Lafayette County,0,Lexington,2
2016-10-13,Wright City,0,Liberty (Mountain View),2
2016-10-13,Willow Springs,2,Licking,0
2016-10-13,Wellington-Napoleon,0,Lutheran (Kansas City),2
2016-10-13,Jennings,0,Maplewood-Richmond Hts.,2
2016-10-13,Spokane,0,Marionville,2
2016-10-13,Carthage,2,Marshfield,0
2016-10-13,Northland Christian,2,Maryville,0
2016-10-13,Riverview Gardens,0,McCluer North,2
2016-10-13,Ballard,2,Miami (Amoret),1
2016-10-13,Purdy,2,Monett,0
2016-10-13,Ursuline Academy,2,Nerinx Hall,1
2016-10-13,O'Hara,2,Nevada,1
2016-10-13,Fatima,2,New Haven,1
2016-10-13,Fordland,2,Niangua,0
2016-10-13,Logan-Rogersville,2,Nixa,0
2016-10-13,St. James,1,Nodaway-Holt,2
2016-10-13,Fort Osage,0,North Kansas City,2
2016-10-13,Cole Camp,2,Northwest (Hughesville),0
2016-10-13,Kennett,0,Notre Dame (Cape Girardeau),2
2016-10-13,Lutheran St. Charles,2,Notre Dame (St. Louis),0
2016-10-13,Harrisonville,0,Oak Grove,2
2016-10-13,Ruskin,0,Oak Park,2
2016-10-13,Pleasant Hill,2,Odessa,0
2016-10-13,Whitfield,0,Orchard Farm,2
2016-10-13,Warsaw,0,Osage,2
2016-10-13,Stockton,2,Osceola,1
2016-10-13,Washington,2,Owensville,0
2016-10-13,Blue Springs South,2,Park Hill,0
2016-10-13,Lebanon,2,Parkview,0
2016-10-13,Kirkwood,2,Pattonville,0
2016-10-13,Staley,2,Pembroke Hill,1
2016-10-13,Dexter,2,Perryville,0
2016-10-13,Greenfield,0,Pierce City,2
2016-10-13,Thayer,0,Plato,2
2016-10-13,Lee's Summit West,2,Platte County,0
2016-10-13,Seneca,0,Poplar Bluff,2
2016-10-13,Gideon,2,Portageville,1
2016-10-13,Lee's Summit,1,Raymore-Peculiar,2
2016-10-13,Buffalo,0,Republic,2
2016-10-13,Rockwood Summit,2,Ritenour,1
2016-10-13,Hickman,2,Rock Bridge,0
2016-10-13,Camdenton,2,Rolla,0
2016-10-13,Calvary Lutheran,2,Sarcoxie,0
2016-10-13,Lincoln,0,Sacred Heart,2
2016-10-13,Crest Ridge,0,Santa Fe,2
2016-10-13,Adrian,2,Sherwood,0
2016-10-13,Charleston,0,Sikeston,2
2016-10-13,Notre Dame (Cape Girardeau),2,Sikeston,0
2016-10-13,Oran,1,Sikeston,2
2016-10-13,Conway,1,Skyline,2
2016-10-13,La Monte,0,Smithton,2
2016-10-13,Mid-Buchanan,1,Sparta,2
2016-10-13,Clarkton,1,Summersville,1
2016-10-13,Crane,1,Southwest (Washburn),2
2016-10-13,Chadwick,0,Union,2
2016-10-13,Incarnate Word Academy,0,St. Joseph's Academy,2
2016-10-13,Green Ridge,2,Willard,0
2016-10-13,Bourbon,0,Webb City,2
2016-10-13,Lincoln College Prep,1,West Plains,3
2016-10-13,Holt,1,Timberland,2
2016-10-13,Windsor,2,Tipton,0
2016-10-13,Westminster Christian Academy,2,Troy Buchanan,0
2016-10-13,Liberty,0,St. Charles,2
2016-10-13,Warsaw,0,Union,2
2016-10-13,Marquette,1,Villa Duchesne,2
2016-10-13,Lutheran North,0,Visitation Academy,2
2016-10-13,Joplin,2,Waynesville,0
2016-10-13,McAuley Catholic,0,Wheaton,2
2016-10-13,Republic,0,Willard,2
2016-10-13,Montgomery County,2,Wright City,1
2016-10-14,Richland (Essex),0,Advance,2
2016-10-14,New Heights Christian,0,Billings,2
2016-10-14,St. Clair,2,Campbell,0
2016-10-14,Pembroke Hill,2,Lutheran North,0
2016-10-14,MICDS,2,Lutheran North,0
2016-10-14,Ladue Horton Watkins,0,Lutheran South,2
2016-10-14,University City,0,Maplewood-Richmond Hts.,2
2016-10-14,Pembroke Hill,1,MICDS,1
2016-10-14,Ballard,1,Northeast Vernon County,2
2016-10-14,Principia,0,Notre Dame (St. Louis),2
2016-10-14,Parkway South,0,Parkway West,2
2016-10-14,Leopold,2,Puxico,0
2016-10-14,Northland Christian,2,Rock Bridge,0
2016-10-14,Bernie,2,Saxony Lutheran,0
2016-10-14,Everton,0,School of the Ozarks,2
2016-10-14,Southland,0,Senath-Hornersville,2
2016-10-14,Niangua,0,Skyline,2
2016-10-14,Principia,0,St. Charles,2
2016-10-14,Notre Dame (St. Louis),0,St. Charles,2
2016-10-14,Meadow Heights,2,St. Paul Lutheran (Farmington),1
2016-10-14,Confluence Prep Academy Charter,0,Visitation Academy,2
2016-10-14,Pembroke Hill,0,Windsor,2
2016-10-14,MICDS,0,Windsor (Imperial),2
2016-10-14,Lutheran North,0,Windsor (Imperial),2
2016-10-14,Pembroke Hill,0,Windsor (Imperial),2
2016-10-15,Wentworth Military Academy,0,Calhoun,2
2016-10-15,Kingsville,2,Calhoun,0
2016-10-15,Marquette,0,Lafayette (Wildwood),2
2016-10-15,Notre Dame (St. Louis),2,Lutheran North,0
2016-10-15,Principia,2,Lutheran North,1
2016-10-15,Blue Eye,0,Marshfield,2
2016-10-15,Notre Dame (St. Louis),1,MICDS,2
2016-10-15,Principia,0,MICDS,2
2016-10-15,Blue Eye,0,Reeds Spring,2
2016-10-15,Pembroke Hill,0,St. Charles,2
2016-10-15,Pembroke Hill,0,Windsor,2
2016-10-15,Pembroke Hill,0,Windsor (Imperial),2
2016-10-17,Gideon,2,Southland,0
2016-10-17,North Pemiscot,2,Clarkton,0
2016-10-17,Cooter,0,Southland,2
2016-10-17,North Pemiscot,2,Delta (Deering),0
2016-10-17,Clarkton,2,Holcomb,0
2016-10-17,Advance,2,Bell City,0
2016-10-17,Bernie,2,Risco,0
2016-10-17,Bell City,2,Campbell,0
2016-10-17,Bernie,2,Richland (Essex),0
2016-10-17,Risco,2,Oran,1
2016-10-17,Lesterville,2,South Iron,0
2016-10-17,Leopold,2,Meadow Heights,1
2016-10-17,Ellington,1,South Iron,2
2016-10-17,Meadow Heights,2,Zalma,0
2016-10-17,Valley,2,Oak Ridge,0
2016-10-17,Bismarck,2,St. Paul Lutheran (Farmington),0
2016-10-17,St. Vincent,2,Crystal City,0
2016-10-17,Viburnum,2,Thayer,0
2016-10-17,Wright City,2,Bunker,0
2016-10-17,Billings,2,Everton,0
2016-10-17,Hurley,2,Chadwick,1
2016-10-17,Galena,2,Bradleyville,0
2016-10-17,Verona,2,Thomas Jefferson Independent Day,0
2016-10-17,Miller,2,Exeter,0
2016-10-17,Pierce City,2,McAuley Catholic,0
2016-10-17,Jasper,2,Greenfield,0
2016-10-17,Golden City,2,Sheldon,0
2016-10-17,Lockwood,2,Bronaugh,0
2016-10-17,Hume,1,Northeast Vernon County,2
2016-10-17,Rich Hill,2,Lakeland,0
2016-10-17,Otterville,0,Lincoln,2
2016-10-17,Willard,2,Calhoun,0
2016-10-17,Smithton,2,Bunceton,0
2016-10-17,Archie,2,Ballard,0
2016-10-17,Kingsville,2,Chilhowee,0
2016-10-17,Drexel,2,Miami (Amoret),0
2016-10-17,Crest Ridge,2,Concordia,1
2016-10-17,Sacred Heart,2,La Monte,0
2016-10-17,Nodaway-Holt,2,St. James,1
2016-10-17,Senath-Hornersville,2,Caruthersville,0
2016-10-17,St. Clair,2,Hayti,0
2016-10-17,Portageville,2,Summersville,0
2016-10-17,Bloomfield,2,Puxico,0
2016-10-17,Woodland,2,Greenville,0
2016-10-17,Puxico,2,Seneca,0
2016-10-17,Woodland,2,Charleston,0
2016-10-17,Greenville,2,Clearwater,0
2016-10-17,Jefferson (Festus),2,West County,0
2016-10-17,Arcadia Valley,2,Kingston,0
2016-10-17,Saxony Lutheran,2,Grandview (Hillsboro),0
2016-10-17,Cardinal Ritter,2,Carnahan,0
2016-10-17,Cleveland NJROTC,1,McKinley Classical Leadership,2
2016-10-17,North Technical,2,Transportation and Law,0
2016-10-17,Lutheran North,2,West Plains,0
2016-10-17,Crossroads College Preparatory,2,Collegiate School of Med-Bio Science,0
2016-10-17,Brentwood,2,Principia,1
2016-10-17,Maplewood-Richmond Hts.,2,Valley Park,1
2016-10-17,Hallsville,2,North Callaway,1
2016-10-17,Father Tolton,2,Montgomery County,0
2016-10-17,Centralia,2,Bowling Green,1
2016-10-17,Eugene,2,Belle,0
2016-10-17,Warsaw,2,Bourbon,0
2016-10-17,Linn,2,Dixon,0
2016-10-17,Liberty (Mountain View),2,Licking,0
2016-10-17,Willow Springs,2,Cabool,1
2016-10-17,Licking,2,Houston,1
2016-10-17,Cabool,2,Union,1
2016-10-17,Purdy,2,Crane,0
2016-10-17,Marionville,2,Southwest (Washburn),0
2016-10-17,Forsyth,2,Spokane,0
2016-10-17,El Dorado Springs,1,New Heights Christian,2
2016-10-17,Butler,2,Diamond,0
2016-10-17,Lamar,2,Stockton,1
2016-10-17,Conway,1,Skyline,2
2016-10-17,Fair Grove,2,Warsaw,0
2016-10-17,Ash Grove,2,Pleasant Hope,0
2016-10-17,Windsor,2,Knob Noster,0
2016-10-17,Versailles,2,Sherwood,0
2016-10-17,Cole Camp,2,Tipton,0
2016-10-17,Adrian,2,Barstow,0
2016-10-17,Adrian,2,University Academy Charter,0
2016-10-17,Summit Christian Academy,1,Barstow,2
2016-10-17,Carrollton,0,Trenton,2
2016-10-17,Lexington,2,Brookfield,0
2016-10-17,Lafayette County,2,Penney,0
2016-10-17,East Buchanan,2,Plattsburg,0
2016-10-17,Bishop LeBlond,2,North Platte,0
2016-10-17,Lawson,2,Lathrop,1
2016-10-17,Central (New Madrid County),0,Fredericktown,2
2016-10-17,Dexter,2,Doniphan,0
2016-10-17,Notre Dame (Cape Girardeau),2,Kennett,0
2016-10-17,Festus,2,Central (Park Hills),0
2016-10-17,Ste. Genevieve,2,North County,0
2016-10-17,Herculaneum,2,Potosi,0
2016-10-17,Notre Dame (St. Louis),1,Bishop DuBourg,2
2016-10-17,Affton,2,Bayless,0
2016-10-17,Winfield,0,Warrenton,2
2016-10-17,St. Joseph's Academy,2,St. Charles West,0
2016-10-17,Veritas Christian Academy,2,Wright City,0
2016-10-17,Boonville,2,Mexico,0
2016-10-17,Southern Boone,0,Fulton,2
2016-10-17,Marshall,2,Kirksville,0
2016-10-17,Owensville,2,Cuba,0
2016-10-17,St. Clair,2,Salem,0
2016-10-17,Webb City,2,St. James,0
2016-10-17,Bolivar,2,Buffalo,1
2016-10-17,Osage,2,Eldon,1
2016-10-17,Springfield Catholic,2,Hollister,1
2016-10-17,Mountain Grove,2,Ava,0
2016-10-17,Marshfield,2,Reeds Spring,1
2016-10-17,Nevada,2,Mt. Vernon,0
2016-10-17,Seneca,2,Monett,0
2016-10-17,East Newton,0,Cassville,2
2016-10-17,Warrensburg,2,Odessa,0
2016-10-17,Oak Grove,2,Harrisonville,0
2016-10-17,O'Hara,2,Clinton,0
2016-10-17,Cristo Rey,2,Hogan Prep Academy Charter,0
2016-10-17,Center,2,Central (Kansas City),0
2016-10-17,Richmond,2,Northeast (Kansas City),0
2016-10-17,Excelsior Springs,2,Southeast,0
2016-10-17,Sparta,2,East (Kansas City),0
2016-10-17,Maryville,1,Benton,2
2016-10-17,Savannah,2,Cameron,0
2016-10-17,Farmington,2,DeSoto,0
2016-10-17,Jackson,1,Poplar Bluff,2
2016-10-17,DeSoto,2,Sikeston,0
2016-10-17,Poplar Bluff,2,Central (Cape Girardeau),0
2016-10-17,Washington,1,Rockwood Summit,2
2016-10-17,Northwest (Cedar Hill),2,Parkway South,0
2016-10-17,Webster Groves,2,Kirkwood,1
2016-10-17,Nerinx Hall,2,Gateway,0
2016-10-17,Ursuline Academy,2,Ladue Horton Watkins,0
2016-10-17,McCluer North,1,Hazelwood East,2
2016-10-17,Hazelwood Central,0,Riverview Gardens,1
2016-10-17,Hazelwood West,2,McCluer,0
2016-10-17,Westminster Christian Academy,2,Francis Howell North,1
2016-10-17,Parkway West,2,Parkway North,0
2016-10-17,Parkway Central,2,Pattonville,0
2016-10-17,Francis Howell Central,0,Ft. Zumwalt North,2
2016-10-17,Ft. Zumwalt West,2,Ft. Zumwalt South,0
2016-10-17,St. Dominic,2,Ft. Zumwalt East,0
2016-10-17,Battle,2,Hannibal,0
2016-10-17,Troy Buchanan,1,Liberty (Wentzville),2
2016-10-17,Rock Bridge,1,Hickman,2
2016-10-17,Grain Valley,2,Savannah,0
2016-10-17,Camdenton,2,Rolla,0
2016-10-17,Hillcrest,2,Waynesville,1
2016-10-17,Lebanon,2,Central (Springfield),0
2016-10-17,Glendale,1,Branson,2
2016-10-17,Kickapoo,2,Parkview,0
2016-10-17,Nixa,2,West Plains,0
2016-10-17,Webb City,1,Joplin,2
2016-10-17,Carthage,2,Neosho,0
2016-10-17,Republic,2,McDonald County,0
2016-10-17,Belton,0,Raymore-Peculiar,2
2016-10-17,Notre Dame de Sion,2,Ruskin,0
2016-10-17,Lee's Summit,2,Grandview,0
2016-10-17,St. Charles,2,Raytown,0
2016-10-17,Lee's Summit North,2,Raytown South,0
2016-10-17,Liberty North,2,Fort Osage,0
2016-10-17,Winnetonka,2,Versailles,0
2016-10-17,Kearney,2,William Chrisman,0
2016-10-17,North Kansas City,1,Oak Park,2
2016-10-17,Park Hill,2,Central (St. Joseph),0
2016-10-17,Staley,2,Platte County,0
2016-10-18,Gideon,2,North Pemiscot,0
2016-10-18,Advance,2,Bernie,0
2016-10-18,Lesterville,2,Leopold,0
2016-10-18,Valle Catholic,2,St. Vincent,0
2016-10-18,Valle Catholic,2,Valley,0
2016-10-18,Bismarck,0,St. Vincent,2
2016-10-18,Eminence,2,Winona,0
2016-10-18,Eminence,2,Viburnum,1
2016-10-18,Winona,2,Wright City,0
2016-10-18,Plato,0,Billings,2
2016-10-18,Fordland,1,Billings,2
2016-10-18,Blue Eye,1,Hurley,2
2016-10-18,School of the Ozarks,0,Hurley,2
2016-10-18,Blue Eye,2,Galena,1
2016-10-18,Wheaton,2,Miller,0
2016-10-18,Wheaton,2,Verona,0
2016-10-18,Miller,2,Pierce City,0
2016-10-18,Liberal,0,Lockwood,2
2016-10-18,Liberal,2,Jasper,1
2016-10-18,Golden City,1,Lockwood,2
2016-10-18,Green Ridge,2,Willard,0
2016-10-18,Green Ridge,2,Lincoln,0
2016-10-18,Willard,2,Smithton,0
2016-10-18,Chamois,2,Barat Academy,0
2016-10-18,Sarcoxie,1,Missouri School for the Deaf,0
2016-10-18,West Platte,1,Wellington-Napoleon,2
2016-10-18,Lutheran (Kansas City),2,Wentworth Military Academy,0
2016-10-18,Orrick,2,Lone Jack,1
2016-10-18,Malden,1,St. Clair,2
2016-10-18,Malden,2,Senath-Hornersville,0
2016-10-18,St. Clair,2,Portageville,1
2016-10-18,Bloomfield,2,Woodland,0
2016-10-18,Metro,2,Hancock,0
2016-10-18,Metro,2,Cardinal Ritter,0
2016-10-18,Hancock,2,McKinley Classical Leadership,0
2016-10-18,Trinity Catholic,2,North Technical,0
2016-10-18,Lutheran North,1,Crossroads College Preparatory,2
2016-10-18,Whitfield,2,Brentwood,0
2016-10-18,John F. Kennedy,2,Maplewood-Richmond Hts.,0
2016-10-18,Hermann,2,Father Tolton,0
2016-10-18,Hermann,2,Hallsville,0
2016-10-18,Father Tolton,2,Centralia,0
2016-10-18,Fatima,2,Warsaw,0
2016-10-18,Fatima,2,Eugene,0
2016-10-18,Warsaw,2,Linn,0
2016-10-18,Liberty (Mountain View),2,Willow Springs,0
2016-10-18,Clever,2,Marionville,0
2016-10-18,Clever,2,Purdy,0
2016-10-18,Marionville,2,Forsyth,0
2016-10-18,Sarcoxie,2,Lamar,0
2016-10-18,Sarcoxie,2,New Heights Christian,0
2016-10-18,Butler,0,Lamar,2
2016-10-18,Winona,2,Ash Grove,0
2016-10-18,Winona,2,Skyline,0
2016-10-18,Fair Grove,1,Ash Grove,2
2016-10-18,St. Paul Lutheran (Concordia),2,Lexington,0
2016-10-18,St. Paul Lutheran (Concordia),2,Trenton,0
2016-10-18,Lexington,2,Lafayette County,0
2016-10-18,Mid-Buchanan,1,Bishop LeBlond,2
2016-10-18,Mid-Buchanan,2,East Buchanan,1
2016-10-18,Bishop LeBlond,2,Lawson,0
2016-10-18,Perryville,0,Dexter,2
2016-10-18,Perryville,2,Fredericktown,0
2016-10-18,Dexter,2,Notre Dame (Cape Girardeau),1
2016-10-18,Windsor (Imperial),1,Ste. Genevieve,2
2016-10-18,Windsor (Imperial),2,Festus,0
2016-10-18,Ste. Genevieve,2,Herculaneum,0
2016-10-18,Waynesville,0,Lift for Life Academy Charter,2
2016-10-18,Soldan International Studies,2,Confluence Prep Academy Charter,0
2016-10-18,Springfield Catholic,2,Roosevelt,0
2016-10-18,Visitation Academy,2,University City,0
2016-10-18,John Burroughs,2,Clayton,0
2016-10-18,MICDS,2,Normandy Collaborative,0
2016-10-18,Orchard Farm,2,McCluer South-Berkeley,0
2016-10-18,Duchesne,2,Jennings,0
2016-10-18,Lutheran St. Charles,0,St. Joseph's Academy,2
2016-10-18,Lutheran St. Charles,2,Warrenton,0
2016-10-18,St. Joseph's Academy,2,Veritas Christian Academy,1
2016-10-18,California,2,Marshall,0
2016-10-18,California,2,Boonville,0
2016-10-18,Marshall,2,Fulton,1
2016-10-18,Union,0,Webb City,2
2016-10-18,Union,2,Owensville,1
2016-10-18,St. Clair,0,Webb City,2
2016-10-18,Helias Catholic,2,Blair Oaks,0
2016-10-18,Helias Catholic,2,Bolivar,0
2016-10-18,Blair Oaks,2,Osage,0
2016-10-18,Logan-Rogersville,2,Marshfield,0
2016-10-18,Logan-Rogersville,2,Springfield Catholic,0
2016-10-18,Mountain Grove,0,Marshfield,2
2016-10-18,Seneca,0,Nevada,2
2016-10-18,Aurora,1,Nevada,2
2016-10-18,Seneca,2,Cassville,0
2016-10-18,Pembroke Hill,2,Cristo Rey,0
2016-10-18,Lincoln College Prep,2,Center,1
2016-10-18,Chillicothe,2,Benton,1
2016-10-18,Lafayette (St. Joseph),2,Savannah,1
2016-10-18,Oakville,2,Seckman,0
2016-10-18,Lindbergh,2,Fox,0
2016-10-18,Hillsboro,1,Mehlville,2
2016-10-18,Lafayette (Wildwood),2,Eureka,0
2016-10-18,Lafayette (Wildwood),2,Rockwood Summit,0
2016-10-18,Eureka,2,Northwest (Cedar Hill),0
2016-10-18,St. Joseph's Academy,2,Webster Groves,0
2016-10-18,Nerinx Hall,2,Ursuline Academy,1
2016-10-18,Francis Howell,2,Ft. Zumwalt North,0
2016-10-18,Ft. Zumwalt West,0,St. Dominic,2
2016-10-18,Timberland,2,Battle,0
2016-10-18,Holt,2,Liberty (Wentzville),0
2016-10-18,Willard,2,Hillcrest,0
2016-10-18,Willard,2,Camdenton,0
2016-10-18,Hillcrest,2,Lebanon,0
2016-10-18,Carl Junction,0,Carthage,2
2016-10-18,Carl Junction,2,Joplin,0
2016-10-18,Carthage,2,Republic,0
2016-10-18,Lee's Summit West,2,Raymore-Peculiar,0
2016-10-18,Notre Dame de Sion,0,Lee's Summit,2
2016-10-18,St. Teresa's Academy,2,St. Charles,0
2016-10-18,Blue Springs,0,Lee's Summit North,2
2016-10-18,Liberty,2,Liberty North,0
2016-10-18,Winnetonka,0,Kearney,2
2016-10-19,Osceola,2,Northeast Vernon County,0
2016-10-19,Calvary Lutheran,0,New Haven,2
2016-10-19,Calvary Lutheran,2,Chamois,0
2016-10-19,New Haven,2,Sarcoxie,0
2016-10-19,Midway,2,Kingsville,0
2016-10-19,Midway,2,Archie,0
2016-10-19,Kingsville,2,Drexel,0
2016-10-19,Santa Fe,2,Sacred Heart,0
2016-10-19,Santa Fe,2,Crest Ridge,0
2016-10-19,Sacred Heart,2,Northwest (Hughesville),0
2016-10-19,Rock Port,2,Nodaway-Holt,0
2016-10-19,St. Pius X (Festus),2,Arcadia Valley,0
2016-10-19,St. Pius X (Festus),2,Jefferson (Festus),0
2016-10-19,Arcadia Valley,2,Saxony Lutheran,0
2016-10-19,Trinity Catholic,2,Crossroads College Preparatory,0
2016-10-19,Whitfield,2,John F. Kennedy,0
2016-10-19,Holden,2,Cole Camp,0
2016-10-19,Holden,2,Windsor,0
2016-10-19,Versailles,1,Cole Camp,2
2016-10-19,Lutheran South,2,Pacific,0
2016-10-19,Lutheran South,2,Bishop DuBourg,0
2016-10-19,Pacific,2,Affton,0
2016-10-19,Miller Career Academy,0,Springfield Catholic,2
2016-10-19,Miller Career Academy,2,Lift for Life Academy Charter,0
2016-10-19,Soldan International Studies,0,Springfield Catholic,2
2016-10-19,Villa Duchesne,2,John Burroughs,0
2016-10-19,Villa Duchesne,2,Visitation Academy,0
2016-10-19,John Burroughs,2,MICDS,1
2016-10-19,Incarnate Word Academy,2,Duchesne,0
2016-10-19,Incarnate Word Academy,2,Orchard Farm,0
2016-10-19,St. Charles,0,Duchesne,2
2016-10-19,Pleasant Hill,2,O'Hara,0
2016-10-19,Pleasant Hill,2,Warrensburg,0
2016-10-19,Oak Grove,0,O'Hara,2
2016-10-19,Pembroke Hill,2,Lincoln College Prep,0
2016-10-19,St. Pius X (Kansas City),2,Excelsior Springs,0
2016-10-19,St. Pius X (Kansas City),2,Richmond,0
2016-10-19,Excelsior Springs,2,Sparta,1
2016-10-19,Chillicothe,1,Lafayette (St. Joseph),2
2016-10-19,Farmington,2,Poplar Bluff,1
2016-10-19,Cor Jesu Academy,2,Lindbergh,1
2016-10-19,Cor Jesu Academy,2,Oakville,0
2016-10-19,Lindbergh,2,Mehlville,0
2016-10-19,St. Joseph's Academy,2,Nerinx Hall,0
2016-10-19,Ritenour,2,Hazelwood West,0
2016-10-19,Ritenour,2,Hazelwood East,0
2016-10-19,Hazelwood West,2,Riverview Gardens,0
2016-10-19,Marquette,0,Parkway West,2
2016-10-19,Marquette,2,Westminster Christian Academy,0
2016-10-19,Parkway West,2,Parkway Central,0
2016-10-19,Francis Howell,2,St. Dominic,0
2016-10-19,Timberland,2,Holt,0
2016-10-19,Blue Springs South,2,Grain Valley,0
2016-10-19,Blue Springs South,2,Hickman,0
2016-10-19,Jefferson City,1,Grain Valley,2
2016-10-19,Ozark,2,Kickapoo,1
2016-10-19,Ozark,2,Branson,0
2016-10-19,Kickapoo,2,Nixa,0
2016-10-19,St. Teresa's Academy,2,Lee's Summit North,0
2016-10-19,Liberty,2,Kearney,0
2016-10-19,Park Hill South,2,Park Hill,0
2016-10-19,Park Hill South,2,Oak Park,0
2016-10-19,Park Hill,2,Staley,0
2016-10-20,Northland Christian,2,Lutheran (Kansas City),0
2016-10-20,Northland Christian,2,Wellington-Napoleon,0
2016-10-20,Lutheran (Kansas City),2,Orrick,0
2016-10-20,Lee's Summit West,0,Lee's Summit,2
2016-10-22,Lesterville,0,Valle Catholic,2
2016-10-22,Northland Christian,2,Midway,0
2016-10-22,Billings,0,Eminence,2
2016-10-22,Green Ridge,0,New Haven,2
2016-10-22,Valle Catholic,2,Gideon,0
2016-10-22,Lesterville,2,Advance,1
2016-10-22,Rock Port,0,Midway,2
2016-10-22,Northland Christian,2,Santa Fe,1
2016-10-22,Wheaton,0,Eminence,2
2016-10-22,Hurley,0,Billings,2
2016-10-22,New Haven,2,Lockwood,0
2016-10-22,Green Ridge,2,Osceola,1
2016-10-22,St. Pius X (Festus),2,Metro,0
2016-10-22,St. Paul Lutheran (Concordia),2,Bishop LeBlond,0
2016-10-22,Hermann,2,Trinity Catholic,1
2016-10-22,Clever,0,Liberty (Mountain View),2
2016-10-22,Metro,2,St. Clair,1
2016-10-22,St. Pius X (Festus),2,Bloomfield,0
2016-10-22,Bishop LeBlond,2,Holden,0
2016-10-22,St. Paul Lutheran (Concordia),2,Adrian,0
2016-10-22,Fatima,1,Trinity Catholic,2
2016-10-22,Hermann,2,Whitfield,0
2016-10-22,Winona,1,Liberty (Mountain View),2
2016-10-22,Sarcoxie,0,Clever,2
2016-10-22,Lutheran South,2,Dexter,1
2016-10-22,St. Pius X (Kansas City),0,Pleasant Hill,2
2016-10-22,St. Joseph's Academy,2,Villa Duchesne,1
2016-10-22,Logan-Rogersville,2,Webb City,0
2016-10-22,Springfield Catholic,0,Dexter,2
2016-10-22,Lutheran South,2,Ste. Genevieve,0
2016-10-22,Lafayette (St. Joseph),0,Pleasant Hill,2
2016-10-22,St. Pius X (Kansas City),2,Pembroke Hill,0
2016-10-22,California,0,Villa Duchesne,2
2016-10-22,St. Joseph's Academy,2,Incarnate Word Academy,0
2016-10-22,Nevada,1,Webb City,2
2016-10-22,Logan-Rogersville,2,Helias Catholic,1
2016-10-22,Lafayette (Wildwood),2,St. Joseph's Academy,1
2016-10-22,St. Teresa's Academy,2,Park Hill South,1
2016-10-22,Francis Howell,2,Timberland,0
2016-10-22,Ozark,2,Blue Springs South,1
2016-10-22,St. Joseph's Academy,2,Farmington,0
2016-10-22,Lafayette (Wildwood),2,Cor Jesu Academy,0
2016-10-22,Park Hill South,2,Lee's Summit,0
2016-10-22,Liberty,0,St. Teresa's Academy,2
2016-10-22,Timberland,2,Ritenour,0
2016-10-22,Francis Howell,2,Parkway West,0
2016-10-22,Carthage,1,Blue Springs South,2
2016-10-22,Ozark,2,Willard,0
2016-10-29,Northland Christian,2,Valle Catholic,0
2016-10-29,New Haven,2,Eminence,1
2016-10-29,Hermann,0,St. Pius X (Festus),2
2016-10-29,Liberty (Mountain View),2,St. Paul Lutheran (Concordia),0
2016-10-29,Lutheran South,2,Pleasant Hill,0
2016-10-29,Logan-Rogersville,1,St. Joseph's Academy,2
2016-10-29,Francis Howell,1,Lafayette (Wildwood),2
2016-10-29,Ozark,2,St. Teresa's Academy,1
